# Blender v3.6.5 OBJ File: 'musical-note-icon-002.blend'
# www.blender.org
mtllib musical-note-icon-002.mtl
o musical-note-icon-002
v 0.012054 0.039427 0.004022
v 0.004511 0.012920 0.004022
v 0.004627 0.010284 0.004022
v 0.006015 0.008450 0.004022
v 0.008473 0.007273 0.004022
v 0.011914 0.007161 0.004022
v 0.014664 0.007777 0.004022
v 0.016924 0.009048 0.004022
v 0.019408 0.010799 0.004022
v 0.021084 0.013031 0.004022
v 0.021805 0.015247 0.004022
v 0.021805 0.017537 0.004022
v 0.016695 0.020807 0.004022
v 0.013403 0.020648 0.004022
v 0.017494 0.008145 0.003581
v 0.017730 0.007771 0.002514
v 0.016524 0.009680 0.004022
v 0.013572 0.044367 0.004022
v 0.013809 0.045359 0.004022
v 0.013907 0.045765 0.004022
v 0.014042 0.046321 0.004022
v 0.011774 0.035446 0.002514
v 0.013612 0.048536 0.002514
v 0.012613 0.041162 0.004022
v 0.013899 0.047055 0.004022
v 0.013696 0.048102 0.003581
v 0.011719 0.035886 0.003581
v -0.014043 0.016401 0.002514
v -0.013614 0.014163 0.004022
v -0.013959 0.015963 0.003581
v -0.010330 0.014321 0.004022
v -0.010735 0.016560 0.002514
v -0.010656 0.016122 0.003581
v -0.003846 0.011807 0.002514
v -0.006102 0.011788 0.004022
v -0.004288 0.011803 0.003581
v -0.006102 0.009622 0.004022
v -0.003846 0.009264 0.002514
v -0.004288 0.009334 0.003581
v -0.006748 0.007636 0.004022
v -0.004719 0.006582 0.002514
v -0.005116 0.006788 0.003581
v -0.008278 0.005599 0.004022
v -0.006688 0.003960 0.002514
v -0.007000 0.004281 0.003581
v -0.011950 0.000610 0.002514
v -0.012766 0.002739 0.004022
v -0.012109 0.001027 0.003581
v -0.015316 0.002168 0.004022
v -0.015103 -0.000096 0.002514
v -0.015145 0.000347 0.003581
v -0.018505 0.002271 0.004022
v -0.019052 0.000032 0.002514
v -0.018945 0.000471 0.003581
v -0.020658 0.003302 0.004022
v -0.022126 0.001505 0.002514
v -0.021839 0.001857 0.003581
v -0.021796 0.004806 0.004022
v -0.024019 0.004005 0.002514
v -0.023583 0.004162 0.003581
v -0.021895 0.007054 0.004022
v -0.024169 0.007424 0.002514
v -0.023723 0.007351 0.003581
v -0.021043 0.009276 0.004022
v -0.023003 0.010467 0.002514
v -0.022619 0.010234 0.003581
v -0.020625 0.013144 0.002514
v -0.019144 0.011415 0.004022
v -0.020335 0.012805 0.003581
v -0.016316 0.013235 0.004022
v -0.017307 0.015279 0.002514
v -0.017113 0.014879 0.003581
v -0.008894 0.017149 0.002514
v -0.008578 0.016787 0.003581
v -0.003902 0.015451 0.002514
v -0.006774 0.015594 0.004022
v -0.004343 0.015447 0.003581
v -0.008361 0.018272 0.002514
v -0.007919 0.018172 0.003581
v -0.003902 0.017932 0.002514
v -0.006157 0.017932 0.004022
v -0.004343 0.017932 0.003581
v -0.003103 0.031530 0.002514
v -0.004862 0.032988 0.004022
v -0.003447 0.031815 0.003581
v -0.003902 0.019837 0.002514
v -0.006157 0.019837 0.004022
v -0.004343 0.019837 0.003581
v -0.008361 0.019837 0.002514
v -0.007919 0.019837 0.003581
v -0.007624 0.043056 0.002514
v -0.005777 0.041727 0.004022
v -0.007262 0.042795 0.003581
v 0.022577 0.049392 0.002514
v 0.020930 0.047562 0.004022
v 0.022274 0.049062 0.003581
v -0.005933 0.044326 0.002514
v -0.005144 0.042191 0.004022
v -0.005778 0.043907 0.003581
v 0.011587 0.036949 0.004022
v 0.011494 0.037693 0.004022
v -0.001279 0.032673 0.002514
v -0.001956 0.034835 0.004022
v -0.001411 0.033096 0.003581
v -0.003902 0.029555 0.002514
v -0.006157 0.029832 0.004022
v -0.004343 0.029609 0.003581
v -0.008361 0.024696 0.002514
v -0.007919 0.024696 0.003581
v -0.003902 0.024696 0.002514
v -0.006157 0.024696 0.004022
v -0.004343 0.024696 0.003581
v -0.003902 0.027125 0.002514
v -0.006157 0.027125 0.004022
v -0.004343 0.027125 0.003581
v -0.008361 0.027125 0.002514
v -0.007919 0.027125 0.003581
v -0.008361 0.022266 0.002514
v -0.007919 0.022266 0.003581
v -0.006157 0.022266 0.004022
v -0.003902 0.022266 0.002514
v -0.004343 0.022266 0.003581
v 0.022816 0.023675 0.003581
v 0.021002 0.023675 0.004022
v 0.023258 0.023675 0.002514
v 0.019240 0.023916 0.003581
v 0.018799 0.024015 0.002514
v 0.022816 0.021191 0.003581
v 0.020580 0.021306 0.004022
v 0.023258 0.021194 0.002514
v 0.018582 0.022530 0.003581
v 0.018265 0.022893 0.002514
v 0.010047 0.020622 0.003581
v 0.009852 0.021023 0.002514
v 0.010844 0.018978 0.004022
v 0.006825 0.018549 0.003581
v 0.008016 0.017158 0.004022
v 0.006535 0.018888 0.002514
v 0.004540 0.015977 0.003581
v 0.004157 0.016210 0.002514
v 0.006116 0.015020 0.004022
v 0.003436 0.013095 0.003581
v 0.002991 0.013167 0.002514
v 0.005265 0.012798 0.004022
v 0.003576 0.009906 0.003581
v 0.003141 0.009749 0.002514
v 0.005363 0.010550 0.004022
v 0.005321 0.007600 0.003581
v 0.005033 0.007248 0.002514
v 0.006501 0.009046 0.004022
v 0.008215 0.006214 0.003581
v 0.008108 0.005776 0.002514
v 0.008655 0.008015 0.004022
v 0.012015 0.006091 0.003581
v 0.012056 0.005648 0.002514
v 0.011843 0.007911 0.004022
v 0.015050 0.006770 0.003581
v 0.014393 0.008482 0.004022
v 0.015210 0.006353 0.002514
v 0.020160 0.010024 0.003581
v 0.020471 0.009703 0.002514
v 0.018881 0.011342 0.004022
v 0.022043 0.012532 0.003581
v 0.022441 0.012325 0.002514
v 0.020412 0.013380 0.004022
v 0.022871 0.015078 0.003581
v 0.023313 0.015008 0.002514
v 0.021057 0.015365 0.004022
v 0.022871 0.017546 0.003581
v 0.021057 0.017531 0.004022
v 0.023313 0.017550 0.002514
v 0.016504 0.021865 0.003581
v 0.016425 0.022304 0.002514
v 0.016829 0.020065 0.004022
v 0.013200 0.021706 0.003581
v 0.013546 0.019907 0.004022
v 0.023258 0.025580 0.002514
v 0.021002 0.025580 0.004022
v 0.022816 0.025580 0.003581
v 0.018799 0.025580 0.002514
v 0.019240 0.025580 0.003581
v 0.023258 0.034835 0.002514
v 0.022816 0.034835 0.003581
v 0.021054 0.034835 0.004022
v 0.018799 0.034496 0.002514
v 0.019240 0.034562 0.003581
v 0.018799 0.030439 0.002514
v 0.019240 0.030439 0.003581
v 0.023258 0.030439 0.002514
v 0.021002 0.030439 0.004022
v 0.022816 0.030439 0.003581
v -0.008361 0.031483 0.002514
v 0.023258 0.032359 0.002514
v 0.022816 0.032359 0.003581
v 0.021054 0.032359 0.004022
v 0.018799 0.032359 0.002514
v 0.019240 0.032359 0.003581
v 0.018799 0.028010 0.002514
v 0.019240 0.028010 0.003581
v 0.021002 0.028010 0.004022
v 0.023258 0.028010 0.002514
v 0.022816 0.028010 0.003581
v 0.016125 0.036371 0.002514
v 0.015978 0.038646 0.004022
v 0.016096 0.036816 0.003581
v -0.000145 0.038011 0.004022
v 0.000286 0.035311 0.004022
v 0.017926 0.035969 0.002514
v 0.019201 0.037893 0.004022
v 0.018176 0.036346 0.003581
v 0.020843 0.050022 0.002514
v 0.020538 0.047691 0.004022
v 0.020782 0.049565 0.003581
v 0.023258 0.047746 0.002514
v 0.021003 0.047015 0.004022
v 0.022816 0.047708 0.003581
v -0.008361 0.040994 0.002514
v -0.006105 0.040774 0.004022
v -0.007919 0.040951 0.003581
v -0.006105 0.039480 0.004022
v -0.008361 0.039480 0.002514
v -0.007919 0.039480 0.003581
v 0.021003 0.046212 0.004022
v 0.023258 0.046212 0.002514
v 0.022816 0.046212 0.003581
v -0.008361 0.033597 0.002514
v -0.006105 0.033597 0.004022
v -0.007919 0.033597 0.003581
v 0.023258 0.040256 0.002514
v 0.021003 0.040256 0.004022
v 0.022816 0.040256 0.003581
v -0.004644 0.044617 0.002514
v -0.004162 0.042413 0.004022
v -0.004550 0.044185 0.003581
v -0.003480 0.034194 0.004022
v -0.002271 0.032256 0.002514
v -0.002507 0.032635 0.003581
v -0.003635 0.030622 0.002514
v -0.004049 0.030791 0.003581
v -0.008361 0.029832 0.002514
v -0.007919 0.029832 0.003581
v 0.020110 0.047623 0.004022
v 0.019698 0.049842 0.002514
v 0.019778 0.049408 0.003581
v 0.017605 0.038514 0.004022
v 0.017094 0.036292 0.002514
v 0.017194 0.036728 0.003581
v 0.018539 0.035340 0.002514
v 0.018930 0.035572 0.003581
v 0.021002 0.036593 0.004022
v 0.023258 0.036592 0.002514
v 0.022816 0.036592 0.003581
v 0.000070 0.036661 0.004022
v -0.001509 0.044838 0.003581
v -0.000994 0.042434 0.004022
v 0.000488 0.034590 0.004022
v 0.000777 0.033561 0.003581
v -0.001128 0.043065 0.004022
v 0.000897 0.033135 0.002514
v -0.001601 0.045270 0.002514
v -0.001286 0.043795 0.004022
v -0.000652 0.040834 0.004022
v -0.000896 0.041974 0.004022
v 0.023258 0.033428 0.002514
v -0.006134 0.031483 0.004022
v 0.022816 0.033428 0.003581
v 0.018799 0.033428 0.002514
v 0.021054 0.033428 0.004022
v 0.019240 0.033428 0.003581
v -0.006157 0.028340 0.004022
v -0.003902 0.028340 0.002514
v -0.004343 0.028340 0.003581
v -0.008361 0.028340 0.002514
v -0.007919 0.028340 0.003581
v 0.023088 0.048729 0.002514
v 0.021003 0.047351 0.004022
v 0.022687 0.048455 0.003581
v -0.005998 0.041316 0.004022
v -0.008146 0.042085 0.002514
v -0.007725 0.041934 0.003581
v -0.010635 0.003937 0.004022
v -0.009429 0.002027 0.002514
v -0.009666 0.002401 0.003581
v -0.006919 0.043805 0.002514
v -0.005534 0.041986 0.004022
v -0.006648 0.043449 0.003581
v 0.013116 0.022145 0.002514
v 0.020777 0.047684 0.004022
v 0.021811 0.049883 0.002514
v 0.021597 0.049466 0.003581
v 0.002406 0.038641 0.004022
v 0.002527 0.035788 0.004022
v 0.002467 0.037214 0.004022
v 0.002708 0.035062 0.004022
v 0.002966 0.034026 0.003581
v 0.003072 0.033597 0.002514
v 0.001906 0.043716 0.004022
v 0.001532 0.045491 0.003581
v 0.002193 0.041541 0.004022
v 0.001751 0.044447 0.004022
v 0.001986 0.043100 0.004022
v -0.008361 0.036538 0.002514
v -0.006105 0.036538 0.004022
v -0.007919 0.036538 0.003581
v 0.001442 0.045923 0.002514
v 0.002045 0.042651 0.004022
v 0.021003 0.043234 0.004022
v 0.023258 0.043234 0.002514
v 0.022816 0.043234 0.003581
v 0.007260 0.038321 0.004022
v 0.007510 0.039901 0.004022
v 0.007882 0.042954 0.004022
v -0.013756 0.014905 0.004022
v -0.010464 0.015063 0.004022
v -0.005355 0.011793 0.004022
v -0.005355 0.009503 0.004022
v -0.006076 0.007287 0.004022
v -0.007752 0.005056 0.004022
v -0.010236 0.003304 0.004022
v -0.012495 0.002033 0.004022
v -0.015246 0.001418 0.004022
v -0.018686 0.001529 0.004022
v -0.021145 0.002707 0.004022
v -0.022532 0.004541 0.004022
v -0.022648 0.007177 0.004022
v -0.021693 0.009671 0.004022
v -0.006852 0.036538 0.004022
v -0.006852 0.039480 0.004022
v -0.019634 0.011988 0.004022
v -0.016644 0.013912 0.004022
v -0.005410 0.015438 0.004022
v -0.007813 0.015912 0.004022
v -0.005410 0.017932 0.004022
v -0.006852 0.017932 0.004022
v -0.004279 0.032505 0.004022
v -0.005046 0.031198 0.004022
v -0.006852 0.019837 0.004022
v -0.005410 0.019837 0.004022
v -0.006852 0.022266 0.004022
v 0.007927 0.044005 0.004022
v 0.007947 0.044433 0.004022
v -0.001732 0.034119 0.004022
v -0.003079 0.033552 0.004022
v -0.005410 0.029740 0.004022
v -0.005410 0.028340 0.004022
v -0.006852 0.029832 0.004022
v -0.006852 0.024696 0.004022
v -0.006852 0.027125 0.004022
v -0.005410 0.024696 0.004022
v -0.005410 0.022266 0.004022
v -0.005410 0.027125 0.004022
v -0.006852 0.028340 0.004022
v 0.007011 0.036740 0.004022
v 0.007974 0.045018 0.004022
v 0.020307 0.025580 0.004022
v 0.021749 0.025580 0.004022
v 0.020307 0.028010 0.004022
v 0.021749 0.033428 0.004022
v 0.021749 0.032359 0.004022
v 0.020307 0.030439 0.004022
v 0.020307 0.032359 0.004022
v 0.021749 0.030439 0.004022
v 0.021749 0.028010 0.004022
v 0.020307 0.033428 0.004022
v 0.020307 0.034723 0.004022
v 0.016026 0.037892 0.004022
v 0.007147 0.036005 0.004022
v 0.007342 0.034956 0.003581
v 0.019973 0.048358 0.004022
v 0.018779 0.037256 0.004022
v 0.017436 0.037778 0.004022
v 0.020639 0.048463 0.004022
v 0.021133 0.048456 0.004022
v 0.019873 0.036131 0.004022
v 0.021750 0.047319 0.004022
v 0.021750 0.046212 0.004022
v -0.006852 0.040847 0.004022
v -0.006710 0.041570 0.004022
v 0.021750 0.043234 0.004022
v -0.006852 0.033597 0.004022
v -0.004323 0.043143 0.004022
v -0.005406 0.042898 0.004022
v 0.021750 0.040256 0.004022
v 0.021750 0.036593 0.004022
v 0.021749 0.034835 0.004022
v 0.007423 0.034522 0.002514
v 0.007825 0.045751 0.004022
v 0.007614 0.046796 0.003581
v 0.021697 0.047814 0.004022
v -0.005993 0.042588 0.004022
v 0.007527 0.047230 0.002514
v -0.006389 0.042167 0.004022
v 0.021525 0.048244 0.004022
v -0.007919 0.031483 0.003581
v -0.006852 0.031483 0.004022
v -0.007639 0.014195 0.004022
v -0.009211 0.013367 0.004022
v -0.011247 0.012376 0.004022
v -0.013312 0.011061 0.004022
v -0.015458 0.009356 0.004022
v -0.017381 0.007459 0.004022
v -0.019002 0.005467 0.004022
v -0.011996 0.007491 0.004022
v -0.014022 0.005735 0.004022
v -0.016074 0.004053 0.004022
v -0.007824 0.012382 0.004022
v -0.007133 0.013461 0.004022
v -0.008850 0.010914 0.004022
v -0.010226 0.009276 0.004022
v -0.003874 0.013629 0.002514
v -0.004316 0.013625 0.003581
v -0.005382 0.013616 0.004022
v -0.006130 0.013610 0.004022
v 0.005467 0.015414 0.004022
v 0.007525 0.017731 0.004022
v 0.010515 0.019656 0.004022
v 0.021749 0.021181 0.004022
v 0.019347 0.021655 0.004022
v 0.021749 0.023675 0.004022
v 0.020307 0.023675 0.004022
v 0.019423 0.019744 0.004022
v 0.017948 0.019111 0.004022
v 0.015913 0.018120 0.004022
v 0.013848 0.016804 0.004022
v 0.011701 0.015100 0.004022
v 0.009778 0.013202 0.004022
v 0.008157 0.011211 0.004022
v 0.015163 0.013235 0.004022
v 0.013138 0.011479 0.004022
v 0.011086 0.009797 0.004022
v 0.019335 0.018126 0.004022
v 0.020027 0.019204 0.004022
v 0.018310 0.016658 0.004022
v 0.016933 0.015019 0.004022
v 0.023285 0.019372 0.002514
v 0.022844 0.019368 0.003581
v 0.021777 0.019359 0.004022
v 0.021030 0.019353 0.004022
v 0.020657 0.046936 0.004022
v 0.020713 0.047286 0.004022
v -0.005008 0.041537 0.004022
v -0.005492 0.041429 0.004022
v -0.004907 0.041050 0.004022
v -0.005455 0.040924 0.004022
v -0.003776 0.035617 0.004022
v -0.005004 0.034882 0.004022
v 0.020385 0.047213 0.004022
v 0.020268 0.046846 0.004022
v 0.019611 0.040443 0.004022
v 0.019867 0.047097 0.004022
v 0.019691 0.046713 0.004022
v 0.018278 0.040621 0.004022
v -0.003974 0.041768 0.004022
v -0.003837 0.041297 0.004022
v 0.016847 0.040534 0.004022
v -0.002327 0.036108 0.004022
v -0.005361 0.039664 0.004022
v -0.004655 0.039840 0.004022
v -0.003496 0.040128 0.004022
v 0.019261 0.045780 0.004022
v 0.019984 0.045960 0.004022
v 0.020521 0.046093 0.004022
v 0.020022 0.042992 0.004022
v 0.018951 0.042728 0.004022
v 0.017716 0.042423 0.004022
v -0.002697 0.037380 0.004022
v -0.004072 0.037041 0.004022
v -0.005145 0.036776 0.004022
v 0.016737 0.048755 0.003581
v 0.016936 0.047707 0.004022
v 0.016655 0.049189 0.002514
v 0.015164 0.041792 0.004022
v 0.013907 0.036351 0.003581
v 0.013807 0.037420 0.004022
v 0.013736 0.038169 0.004022
v 0.013949 0.035908 0.002514
v 0.017076 0.046972 0.004022
v 0.016887 0.046431 0.004022
v 0.016750 0.046036 0.004022
v 0.016416 0.045073 0.004022
v 0.014450 0.039981 0.004022
v -0.002366 0.041635 0.004022
v -0.003122 0.044944 0.002514
v -0.000317 0.033329 0.003581
v -0.000622 0.034355 0.004022
v -0.000835 0.035073 0.004022
v -0.001128 0.036384 0.004022
v -0.003029 0.044512 0.003581
v -0.002484 0.042101 0.004022
v -0.002645 0.042739 0.004022
v -0.000191 0.032904 0.002514
v -0.002804 0.043469 0.004022
v -0.002074 0.040481 0.004022
v -0.001421 0.037695 0.004022
v 0.018258 0.049081 0.003581
v 0.018455 0.048032 0.004022
v 0.015037 0.036140 0.002514
v 0.018593 0.047298 0.004022
v 0.018377 0.046764 0.004022
v 0.018220 0.046375 0.004022
v 0.017839 0.045427 0.004022
v 0.015649 0.040257 0.004022
v 0.018176 0.049516 0.002514
v 0.016440 0.042107 0.004022
v 0.015002 0.036584 0.003581
v 0.014916 0.037656 0.004022
v 0.014857 0.038407 0.004022
v 0.012054 0.039427 -0.004022
v 0.004511 0.012920 -0.004022
v 0.004627 0.010284 -0.004022
v 0.006015 0.008450 -0.004022
v 0.008473 0.007273 -0.004022
v 0.011914 0.007161 -0.004022
v 0.014664 0.007777 -0.004022
v 0.016924 0.009048 -0.004022
v 0.019408 0.010799 -0.004022
v 0.021084 0.013031 -0.004022
v 0.021805 0.015247 -0.004022
v 0.021805 0.017537 -0.004022
v 0.016695 0.020807 -0.004022
v 0.013403 0.020648 -0.004022
v 0.017494 0.008145 -0.003581
v 0.017730 0.007771 -0.002514
v 0.016524 0.009680 -0.004022
v 0.013572 0.044367 -0.004022
v 0.013809 0.045359 -0.004022
v 0.013907 0.045765 -0.004022
v 0.014042 0.046321 -0.004022
v 0.011774 0.035446 -0.002514
v 0.013612 0.048536 -0.002514
v 0.012613 0.041162 -0.004022
v 0.013899 0.047055 -0.004022
v 0.013696 0.048102 -0.003581
v 0.011719 0.035886 -0.003581
v -0.014043 0.016401 -0.002514
v -0.013614 0.014163 -0.004022
v -0.013959 0.015963 -0.003581
v -0.010330 0.014321 -0.004022
v -0.010735 0.016560 -0.002514
v -0.010656 0.016122 -0.003581
v -0.003846 0.011807 -0.002514
v -0.006102 0.011788 -0.004022
v -0.004288 0.011803 -0.003581
v -0.006102 0.009622 -0.004022
v -0.003846 0.009264 -0.002514
v -0.004288 0.009334 -0.003581
v -0.006748 0.007636 -0.004022
v -0.004719 0.006582 -0.002514
v -0.005116 0.006788 -0.003581
v -0.008278 0.005599 -0.004022
v -0.006688 0.003960 -0.002514
v -0.007000 0.004281 -0.003581
v -0.011950 0.000610 -0.002514
v -0.012766 0.002739 -0.004022
v -0.012109 0.001027 -0.003581
v -0.015316 0.002168 -0.004022
v -0.015103 -0.000096 -0.002514
v -0.015145 0.000347 -0.003581
v -0.018505 0.002271 -0.004022
v -0.019052 0.000032 -0.002514
v -0.018945 0.000471 -0.003581
v -0.020658 0.003302 -0.004022
v -0.022126 0.001505 -0.002514
v -0.021839 0.001857 -0.003581
v -0.021796 0.004806 -0.004022
v -0.024019 0.004005 -0.002514
v -0.023583 0.004162 -0.003581
v -0.021895 0.007054 -0.004022
v -0.024169 0.007424 -0.002514
v -0.023723 0.007351 -0.003581
v -0.021043 0.009276 -0.004022
v -0.023003 0.010467 -0.002514
v -0.022619 0.010234 -0.003581
v -0.020625 0.013144 -0.002514
v -0.019144 0.011415 -0.004022
v -0.020335 0.012805 -0.003581
v -0.016316 0.013235 -0.004022
v -0.017307 0.015279 -0.002514
v -0.017113 0.014879 -0.003581
v -0.008894 0.017149 -0.002514
v -0.008578 0.016787 -0.003581
v -0.003902 0.015451 -0.002514
v -0.006774 0.015594 -0.004022
v -0.004343 0.015447 -0.003581
v -0.008361 0.018272 -0.002514
v -0.007919 0.018172 -0.003581
v -0.003902 0.017932 -0.002514
v -0.006157 0.017932 -0.004022
v -0.004343 0.017932 -0.003581
v -0.003103 0.031530 -0.002514
v -0.004862 0.032988 -0.004022
v -0.003447 0.031815 -0.003581
v -0.003902 0.019837 -0.002514
v -0.006157 0.019837 -0.004022
v -0.004343 0.019837 -0.003581
v -0.008361 0.019837 -0.002514
v -0.007919 0.019837 -0.003581
v -0.007624 0.043056 -0.002514
v -0.005777 0.041727 -0.004022
v -0.007262 0.042795 -0.003581
v 0.022577 0.049392 -0.002514
v 0.020930 0.047562 -0.004022
v 0.022274 0.049062 -0.003581
v -0.005933 0.044326 -0.002514
v -0.005144 0.042191 -0.004022
v -0.005778 0.043907 -0.003581
v 0.011587 0.036949 -0.004022
v 0.011494 0.037693 -0.004022
v -0.001279 0.032673 -0.002514
v -0.001956 0.034835 -0.004022
v -0.001411 0.033096 -0.003581
v -0.003902 0.029555 -0.002514
v -0.006157 0.029832 -0.004022
v -0.004343 0.029609 -0.003581
v -0.008361 0.024696 -0.002514
v -0.007919 0.024696 -0.003581
v -0.003902 0.024696 -0.002514
v -0.006157 0.024696 -0.004022
v -0.004343 0.024696 -0.003581
v -0.003902 0.027125 -0.002514
v -0.006157 0.027125 -0.004022
v -0.004343 0.027125 -0.003581
v -0.008361 0.027125 -0.002514
v -0.007919 0.027125 -0.003581
v -0.008361 0.022266 -0.002514
v -0.007919 0.022266 -0.003581
v -0.006157 0.022266 -0.004022
v -0.003902 0.022266 -0.002514
v -0.004343 0.022266 -0.003581
v 0.022816 0.023675 -0.003581
v 0.021002 0.023675 -0.004022
v 0.023258 0.023675 -0.002514
v 0.019240 0.023916 -0.003581
v 0.018799 0.024015 -0.002514
v 0.022816 0.021191 -0.003581
v 0.020580 0.021306 -0.004022
v 0.023258 0.021194 -0.002514
v 0.018582 0.022530 -0.003581
v 0.018265 0.022893 -0.002514
v 0.010047 0.020622 -0.003581
v 0.009852 0.021023 -0.002514
v 0.010844 0.018978 -0.004022
v 0.006825 0.018549 -0.003581
v 0.008016 0.017158 -0.004022
v 0.006535 0.018888 -0.002514
v 0.004540 0.015977 -0.003581
v 0.004157 0.016210 -0.002514
v 0.006116 0.015020 -0.004022
v 0.003436 0.013095 -0.003581
v 0.002991 0.013167 -0.002514
v 0.005265 0.012798 -0.004022
v 0.003576 0.009906 -0.003581
v 0.003141 0.009749 -0.002514
v 0.005363 0.010550 -0.004022
v 0.005321 0.007600 -0.003581
v 0.005033 0.007248 -0.002514
v 0.006501 0.009046 -0.004022
v 0.008215 0.006214 -0.003581
v 0.008108 0.005776 -0.002514
v 0.008655 0.008015 -0.004022
v 0.012015 0.006091 -0.003581
v 0.012056 0.005648 -0.002514
v 0.011843 0.007911 -0.004022
v 0.015050 0.006770 -0.003581
v 0.014393 0.008482 -0.004022
v 0.015210 0.006353 -0.002514
v 0.020160 0.010024 -0.003581
v 0.020471 0.009703 -0.002514
v 0.018881 0.011342 -0.004022
v 0.022043 0.012532 -0.003581
v 0.022441 0.012325 -0.002514
v 0.020412 0.013380 -0.004022
v 0.022871 0.015078 -0.003581
v 0.023313 0.015008 -0.002514
v 0.021057 0.015365 -0.004022
v 0.022871 0.017546 -0.003581
v 0.021057 0.017531 -0.004022
v 0.023313 0.017550 -0.002514
v 0.016504 0.021865 -0.003581
v 0.016425 0.022304 -0.002514
v 0.016829 0.020065 -0.004022
v 0.013200 0.021706 -0.003581
v 0.013546 0.019907 -0.004022
v 0.023258 0.025580 -0.002514
v 0.021002 0.025580 -0.004022
v 0.022816 0.025580 -0.003581
v 0.018799 0.025580 -0.002514
v 0.019240 0.025580 -0.003581
v 0.023258 0.034835 -0.002514
v 0.022816 0.034835 -0.003581
v 0.021054 0.034835 -0.004022
v 0.018799 0.034496 -0.002514
v 0.019240 0.034562 -0.003581
v 0.018799 0.030439 -0.002514
v 0.019240 0.030439 -0.003581
v 0.023258 0.030439 -0.002514
v 0.021002 0.030439 -0.004022
v 0.022816 0.030439 -0.003581
v -0.008361 0.031483 -0.002514
v 0.023258 0.032359 -0.002514
v 0.022816 0.032359 -0.003581
v 0.021054 0.032359 -0.004022
v 0.018799 0.032359 -0.002514
v 0.019240 0.032359 -0.003581
v 0.018799 0.028010 -0.002514
v 0.019240 0.028010 -0.003581
v 0.021002 0.028010 -0.004022
v 0.023258 0.028010 -0.002514
v 0.022816 0.028010 -0.003581
v 0.016125 0.036371 -0.002514
v 0.015978 0.038646 -0.004022
v 0.016096 0.036816 -0.003581
v -0.000145 0.038011 -0.004022
v 0.000286 0.035311 -0.004022
v 0.017926 0.035969 -0.002514
v 0.019201 0.037893 -0.004022
v 0.018176 0.036346 -0.003581
v 0.020843 0.050022 -0.002514
v 0.020538 0.047691 -0.004022
v 0.020782 0.049565 -0.003581
v 0.023258 0.047746 -0.002514
v 0.021003 0.047015 -0.004022
v 0.022816 0.047708 -0.003581
v -0.008361 0.040994 -0.002514
v -0.006105 0.040774 -0.004022
v -0.007919 0.040951 -0.003581
v -0.006105 0.039480 -0.004022
v -0.008361 0.039480 -0.002514
v -0.007919 0.039480 -0.003581
v 0.021003 0.046212 -0.004022
v 0.023258 0.046212 -0.002514
v 0.022816 0.046212 -0.003581
v -0.008361 0.033597 -0.002514
v -0.006105 0.033597 -0.004022
v -0.007919 0.033597 -0.003581
v 0.023258 0.040256 -0.002514
v 0.021003 0.040256 -0.004022
v 0.022816 0.040256 -0.003581
v -0.004644 0.044617 -0.002514
v -0.004162 0.042413 -0.004022
v -0.004550 0.044185 -0.003581
v -0.003480 0.034194 -0.004022
v -0.002271 0.032256 -0.002514
v -0.002507 0.032635 -0.003581
v -0.003635 0.030622 -0.002514
v -0.004049 0.030791 -0.003581
v -0.008361 0.029832 -0.002514
v -0.007919 0.029832 -0.003581
v 0.020110 0.047623 -0.004022
v 0.019698 0.049842 -0.002514
v 0.019778 0.049408 -0.003581
v 0.017605 0.038514 -0.004022
v 0.017094 0.036292 -0.002514
v 0.017194 0.036728 -0.003581
v 0.018539 0.035340 -0.002514
v 0.018930 0.035572 -0.003581
v 0.021002 0.036593 -0.004022
v 0.023258 0.036592 -0.002514
v 0.022816 0.036592 -0.003581
v 0.000070 0.036661 -0.004022
v -0.001509 0.044838 -0.003581
v -0.000994 0.042434 -0.004022
v 0.000488 0.034590 -0.004022
v 0.000777 0.033561 -0.003581
v -0.001128 0.043065 -0.004022
v 0.000897 0.033135 -0.002514
v -0.001601 0.045270 -0.002514
v -0.001286 0.043795 -0.004022
v -0.000652 0.040834 -0.004022
v -0.000896 0.041974 -0.004022
v 0.023258 0.033428 -0.002514
v -0.006134 0.031483 -0.004022
v 0.022816 0.033428 -0.003581
v 0.018799 0.033428 -0.002514
v 0.021054 0.033428 -0.004022
v 0.019240 0.033428 -0.003581
v -0.006157 0.028340 -0.004022
v -0.003902 0.028340 -0.002514
v -0.004343 0.028340 -0.003581
v -0.008361 0.028340 -0.002514
v -0.007919 0.028340 -0.003581
v 0.023088 0.048729 -0.002514
v 0.021003 0.047351 -0.004022
v 0.022687 0.048455 -0.003581
v -0.005998 0.041316 -0.004022
v -0.008146 0.042085 -0.002514
v -0.007725 0.041934 -0.003581
v -0.010635 0.003937 -0.004022
v -0.009429 0.002027 -0.002514
v -0.009666 0.002401 -0.003581
v -0.006919 0.043805 -0.002514
v -0.005534 0.041986 -0.004022
v -0.006648 0.043449 -0.003581
v 0.013116 0.022145 -0.002514
v 0.020777 0.047684 -0.004022
v 0.021811 0.049883 -0.002514
v 0.021597 0.049466 -0.003581
v 0.002406 0.038641 -0.004022
v 0.002527 0.035788 -0.004022
v 0.002467 0.037214 -0.004022
v 0.002708 0.035062 -0.004022
v 0.002966 0.034026 -0.003581
v 0.003072 0.033597 -0.002514
v 0.001906 0.043716 -0.004022
v 0.001532 0.045491 -0.003581
v 0.002193 0.041541 -0.004022
v 0.001751 0.044447 -0.004022
v 0.001986 0.043100 -0.004022
v -0.008361 0.036538 -0.002514
v -0.006105 0.036538 -0.004022
v -0.007919 0.036538 -0.003581
v 0.001442 0.045923 -0.002514
v 0.002045 0.042651 -0.004022
v 0.021003 0.043234 -0.004022
v 0.023258 0.043234 -0.002514
v 0.022816 0.043234 -0.003581
v 0.007260 0.038321 -0.004022
v 0.007510 0.039901 -0.004022
v 0.007882 0.042954 -0.004022
v -0.013756 0.014905 -0.004022
v -0.010464 0.015063 -0.004022
v -0.005355 0.011793 -0.004022
v -0.005355 0.009503 -0.004022
v -0.006076 0.007287 -0.004022
v -0.007752 0.005056 -0.004022
v -0.010236 0.003304 -0.004022
v -0.012495 0.002033 -0.004022
v -0.015246 0.001418 -0.004022
v -0.018686 0.001529 -0.004022
v -0.021145 0.002707 -0.004022
v -0.022532 0.004541 -0.004022
v -0.022648 0.007177 -0.004022
v -0.021693 0.009671 -0.004022
v -0.006852 0.036538 -0.004022
v -0.006852 0.039480 -0.004022
v -0.019634 0.011988 -0.004022
v -0.016644 0.013912 -0.004022
v -0.005410 0.015438 -0.004022
v -0.007813 0.015912 -0.004022
v -0.005410 0.017932 -0.004022
v -0.006852 0.017932 -0.004022
v -0.004279 0.032505 -0.004022
v -0.005046 0.031198 -0.004022
v -0.006852 0.019837 -0.004022
v -0.005410 0.019837 -0.004022
v -0.006852 0.022266 -0.004022
v 0.007927 0.044005 -0.004022
v 0.007947 0.044433 -0.004022
v -0.001732 0.034119 -0.004022
v -0.003079 0.033552 -0.004022
v -0.005410 0.029740 -0.004022
v -0.005410 0.028340 -0.004022
v -0.006852 0.029832 -0.004022
v -0.006852 0.024696 -0.004022
v -0.006852 0.027125 -0.004022
v -0.005410 0.024696 -0.004022
v -0.005410 0.022266 -0.004022
v -0.005410 0.027125 -0.004022
v -0.006852 0.028340 -0.004022
v 0.007011 0.036740 -0.004022
v 0.007974 0.045018 -0.004022
v 0.020307 0.025580 -0.004022
v 0.021749 0.025580 -0.004022
v 0.020307 0.028010 -0.004022
v 0.021749 0.033428 -0.004022
v 0.021749 0.032359 -0.004022
v 0.020307 0.030439 -0.004022
v 0.020307 0.032359 -0.004022
v 0.021749 0.030439 -0.004022
v 0.021749 0.028010 -0.004022
v 0.020307 0.033428 -0.004022
v 0.020307 0.034723 -0.004022
v 0.016026 0.037892 -0.004022
v 0.007147 0.036005 -0.004022
v 0.007342 0.034956 -0.003581
v 0.019973 0.048358 -0.004022
v 0.018779 0.037256 -0.004022
v 0.017436 0.037778 -0.004022
v 0.020639 0.048463 -0.004022
v 0.021133 0.048456 -0.004022
v 0.019873 0.036131 -0.004022
v 0.021750 0.047319 -0.004022
v 0.021750 0.046212 -0.004022
v -0.006852 0.040847 -0.004022
v -0.006710 0.041570 -0.004022
v 0.021750 0.043234 -0.004022
v -0.006852 0.033597 -0.004022
v -0.004323 0.043143 -0.004022
v -0.005406 0.042898 -0.004022
v 0.021750 0.040256 -0.004022
v 0.021750 0.036593 -0.004022
v 0.021749 0.034835 -0.004022
v 0.007423 0.034522 -0.002514
v 0.007825 0.045751 -0.004022
v 0.007614 0.046796 -0.003581
v 0.021697 0.047814 -0.004022
v -0.005993 0.042588 -0.004022
v 0.007527 0.047230 -0.002514
v -0.006389 0.042167 -0.004022
v 0.021525 0.048244 -0.004022
v -0.007919 0.031483 -0.003581
v -0.006852 0.031483 -0.004022
v -0.007639 0.014195 -0.004022
v -0.009211 0.013367 -0.004022
v -0.011247 0.012376 -0.004022
v -0.013312 0.011061 -0.004022
v -0.015458 0.009356 -0.004022
v -0.017381 0.007459 -0.004022
v -0.019002 0.005467 -0.004022
v -0.011996 0.007491 -0.004022
v -0.014022 0.005735 -0.004022
v -0.016074 0.004053 -0.004022
v -0.007824 0.012382 -0.004022
v -0.007133 0.013461 -0.004022
v -0.008850 0.010914 -0.004022
v -0.010226 0.009276 -0.004022
v -0.003874 0.013629 -0.002514
v -0.004316 0.013625 -0.003581
v -0.005382 0.013616 -0.004022
v -0.006130 0.013610 -0.004022
v 0.005467 0.015414 -0.004022
v 0.007525 0.017731 -0.004022
v 0.010515 0.019656 -0.004022
v 0.021749 0.021181 -0.004022
v 0.019347 0.021655 -0.004022
v 0.021749 0.023675 -0.004022
v 0.020307 0.023675 -0.004022
v 0.019423 0.019744 -0.004022
v 0.017948 0.019111 -0.004022
v 0.015913 0.018120 -0.004022
v 0.013848 0.016804 -0.004022
v 0.011701 0.015100 -0.004022
v 0.009778 0.013202 -0.004022
v 0.008157 0.011211 -0.004022
v 0.015163 0.013235 -0.004022
v 0.013138 0.011479 -0.004022
v 0.011086 0.009797 -0.004022
v 0.019335 0.018126 -0.004022
v 0.020027 0.019204 -0.004022
v 0.018310 0.016658 -0.004022
v 0.016933 0.015019 -0.004022
v 0.023285 0.019372 -0.002514
v 0.022844 0.019368 -0.003581
v 0.021777 0.019359 -0.004022
v 0.021030 0.019353 -0.004022
v 0.020657 0.046936 -0.004022
v 0.020713 0.047286 -0.004022
v -0.005008 0.041537 -0.004022
v -0.005492 0.041429 -0.004022
v -0.004907 0.041050 -0.004022
v -0.005455 0.040924 -0.004022
v -0.003776 0.035617 -0.004022
v -0.005004 0.034882 -0.004022
v 0.020385 0.047213 -0.004022
v 0.020268 0.046846 -0.004022
v 0.019611 0.040443 -0.004022
v 0.019867 0.047097 -0.004022
v 0.019691 0.046713 -0.004022
v 0.018278 0.040621 -0.004022
v -0.003974 0.041768 -0.004022
v -0.003837 0.041297 -0.004022
v 0.016847 0.040534 -0.004022
v -0.002327 0.036108 -0.004022
v -0.005361 0.039664 -0.004022
v -0.004655 0.039840 -0.004022
v -0.003496 0.040128 -0.004022
v 0.019261 0.045780 -0.004022
v 0.019984 0.045960 -0.004022
v 0.020521 0.046093 -0.004022
v 0.020022 0.042992 -0.004022
v 0.018951 0.042728 -0.004022
v 0.017716 0.042423 -0.004022
v -0.002697 0.037380 -0.004022
v -0.004072 0.037041 -0.004022
v -0.005145 0.036776 -0.004022
v 0.016737 0.048755 -0.003581
v 0.016936 0.047707 -0.004022
v 0.016655 0.049189 -0.002514
v 0.015164 0.041792 -0.004022
v 0.013907 0.036351 -0.003581
v 0.013807 0.037420 -0.004022
v 0.013736 0.038169 -0.004022
v 0.013949 0.035908 -0.002514
v 0.017076 0.046972 -0.004022
v 0.016887 0.046431 -0.004022
v 0.016750 0.046036 -0.004022
v 0.016416 0.045073 -0.004022
v 0.014450 0.039981 -0.004022
v -0.002366 0.041635 -0.004022
v -0.003122 0.044944 -0.002514
v -0.000317 0.033329 -0.003581
v -0.000622 0.034355 -0.004022
v -0.000835 0.035073 -0.004022
v -0.001128 0.036384 -0.004022
v -0.003029 0.044512 -0.003581
v -0.002484 0.042101 -0.004022
v -0.002645 0.042739 -0.004022
v -0.000191 0.032904 -0.002514
v -0.002804 0.043469 -0.004022
v -0.002074 0.040481 -0.004022
v -0.001421 0.037695 -0.004022
v 0.018258 0.049081 -0.003581
v 0.018455 0.048032 -0.004022
v 0.015037 0.036140 -0.002514
v 0.018593 0.047298 -0.004022
v 0.018377 0.046764 -0.004022
v 0.018220 0.046375 -0.004022
v 0.017839 0.045427 -0.004022
v 0.015649 0.040257 -0.004022
v 0.018176 0.049516 -0.002514
v 0.016440 0.042107 -0.004022
v 0.015002 0.036584 -0.003581
v 0.014916 0.037656 -0.004022
v 0.014857 0.038407 -0.004022
v 0.003072 0.033597 -0.001257
v 0.001442 0.045923 -0.001257
v 0.006535 0.018888 -0.001257
v 0.023258 0.023675 -0.001257
v 0.020471 0.009703 -0.001257
v 0.016425 0.022304 -0.001257
v 0.022441 0.012325 -0.001257
v 0.003141 0.009749 -0.001257
v 0.018265 0.022893 -0.001257
v 0.005033 0.007248 -0.001257
v 0.023258 0.021194 -0.001257
v 0.008108 0.005776 -0.001257
v 0.013116 0.022145 -0.001257
v 0.009852 0.021023 -0.001257
v 0.007423 0.034522 -0.001257
v -0.001601 0.045270 -0.001257
v -0.014043 0.016401 -0.001257
v -0.010735 0.016560 -0.001257
v -0.017307 0.015279 -0.001257
v -0.008894 0.017149 -0.001257
v -0.003846 0.011807 -0.001257
v -0.003846 0.009264 -0.001257
v -0.003902 0.015451 -0.001257
v -0.004719 0.006582 -0.001257
v -0.006688 0.003960 -0.001257
v -0.009429 0.002027 -0.001257
v -0.011950 0.000610 -0.001257
v -0.015103 -0.000096 -0.001257
v -0.019052 0.000032 -0.001257
v -0.022126 0.001505 -0.001257
v -0.024019 0.004005 -0.001257
v -0.024169 0.007424 -0.001257
v -0.023003 0.010467 -0.001257
v -0.020625 0.013144 -0.001257
v -0.008361 0.018272 -0.001257
v -0.003902 0.017932 -0.001257
v -0.008361 0.019837 -0.001257
v -0.003902 0.019837 -0.001257
v -0.003103 0.031530 -0.001257
v -0.003635 0.030622 -0.001257
v -0.002271 0.032256 -0.001257
v -0.003902 0.022266 -0.001257
v -0.008361 0.022266 -0.001257
v -0.008146 0.042085 -0.001257
v -0.007624 0.043056 -0.001257
v -0.006919 0.043805 -0.001257
v 0.021811 0.049883 -0.001257
v 0.022577 0.049392 -0.001257
v 0.023088 0.048729 -0.001257
v -0.005933 0.044326 -0.001257
v -0.004644 0.044617 -0.001257
v 0.000897 0.033135 -0.001257
v -0.001279 0.032673 -0.001257
v -0.003902 0.029555 -0.001257
v -0.003902 0.028340 -0.001257
v -0.008361 0.029832 -0.001257
v -0.008361 0.028340 -0.001257
v -0.008361 0.024696 -0.001257
v -0.008361 0.027125 -0.001257
v -0.003902 0.024696 -0.001257
v -0.003902 0.027125 -0.001257
v 0.002991 0.013167 -0.001257
v 0.018799 0.024015 -0.001257
v 0.004157 0.016210 -0.001257
v 0.018799 0.025580 -0.001257
v 0.023258 0.025580 -0.001257
v 0.023258 0.028010 -0.001257
v 0.018799 0.028010 -0.001257
v 0.023258 0.036592 -0.001257
v 0.023258 0.034835 -0.001257
v 0.023258 0.033428 -0.001257
v 0.018799 0.034496 -0.001257
v 0.018539 0.035340 -0.001257
v 0.018799 0.033428 -0.001257
v 0.018799 0.030439 -0.001257
v 0.018799 0.032359 -0.001257
v 0.023258 0.030439 -0.001257
v 0.023258 0.032359 -0.001257
v 0.016125 0.036371 -0.001257
v 0.017094 0.036292 -0.001257
v 0.019698 0.049842 -0.001257
v 0.017926 0.035969 -0.001257
v 0.020843 0.050022 -0.001257
v 0.023258 0.047746 -0.001257
v 0.023258 0.046212 -0.001257
v -0.008361 0.040994 -0.001257
v -0.008361 0.039480 -0.001257
v -0.008361 0.036538 -0.001257
v 0.023258 0.043234 -0.001257
v -0.008361 0.033597 -0.001257
v 0.023258 0.040256 -0.001257
v 0.012056 0.005648 -0.001257
v 0.015210 0.006353 -0.001257
v 0.023313 0.015008 -0.001257
v 0.007527 0.047230 -0.001257
v 0.017730 0.007771 -0.001257
v 0.023313 0.017550 -0.001257
v -0.008361 0.031483 -0.001257
v -0.003874 0.013629 -0.001257
v 0.023285 0.019372 -0.001257
v 0.011774 0.035446 -0.001257
v 0.013612 0.048536 -0.001257
v 0.016655 0.049189 -0.001257
v 0.013949 0.035908 -0.001257
v -0.000191 0.032904 -0.001257
v -0.003122 0.044944 -0.001257
v 0.015037 0.036140 -0.001257
v 0.018176 0.049516 -0.001257
v 0.003072 0.033597 0.001257
v 0.001442 0.045923 0.001257
v 0.006535 0.018888 0.001257
v 0.023258 0.023675 0.001257
v 0.020471 0.009703 0.001257
v 0.016425 0.022304 0.001257
v 0.022441 0.012325 0.001257
v 0.003141 0.009749 0.001257
v 0.018265 0.022893 0.001257
v 0.005033 0.007248 0.001257
v 0.023258 0.021194 0.001257
v 0.008108 0.005776 0.001257
v 0.013116 0.022145 0.001257
v 0.009852 0.021023 0.001257
v 0.007423 0.034522 0.001257
v -0.001601 0.045270 0.001257
v -0.014043 0.016401 0.001257
v -0.010735 0.016560 0.001257
v -0.017307 0.015279 0.001257
v -0.008894 0.017149 0.001257
v -0.003846 0.011807 0.001257
v -0.003846 0.009264 0.001257
v -0.003902 0.015451 0.001257
v -0.004719 0.006582 0.001257
v -0.006688 0.003960 0.001257
v -0.009429 0.002027 0.001257
v -0.011950 0.000610 0.001257
v -0.015103 -0.000096 0.001257
v -0.019052 0.000032 0.001257
v -0.022126 0.001505 0.001257
v -0.024019 0.004005 0.001257
v -0.024169 0.007424 0.001257
v -0.023003 0.010467 0.001257
v -0.020625 0.013144 0.001257
v -0.008361 0.018272 0.001257
v -0.003902 0.017932 0.001257
v -0.008361 0.019837 0.001257
v -0.003902 0.019837 0.001257
v -0.003103 0.031530 0.001257
v -0.003635 0.030622 0.001257
v -0.002271 0.032256 0.001257
v -0.003902 0.022266 0.001257
v -0.008361 0.022266 0.001257
v -0.008146 0.042085 0.001257
v -0.007624 0.043056 0.001257
v -0.006919 0.043805 0.001257
v 0.021811 0.049883 0.001257
v 0.022577 0.049392 0.001257
v 0.023088 0.048729 0.001257
v -0.005933 0.044326 0.001257
v -0.004644 0.044617 0.001257
v 0.000897 0.033135 0.001257
v -0.001279 0.032673 0.001257
v -0.003902 0.029555 0.001257
v -0.003902 0.028340 0.001257
v -0.008361 0.029832 0.001257
v -0.008361 0.028340 0.001257
v -0.008361 0.024696 0.001257
v -0.008361 0.027125 0.001257
v -0.003902 0.024696 0.001257
v -0.003902 0.027125 0.001257
v 0.002991 0.013167 0.001257
v 0.018799 0.024015 0.001257
v 0.004157 0.016210 0.001257
v 0.018799 0.025580 0.001257
v 0.023258 0.025580 0.001257
v 0.023258 0.028010 0.001257
v 0.018799 0.028010 0.001257
v 0.023258 0.036592 0.001257
v 0.023258 0.034835 0.001257
v 0.023258 0.033428 0.001257
v 0.018799 0.034496 0.001257
v 0.018539 0.035340 0.001257
v 0.018799 0.033428 0.001257
v 0.018799 0.030439 0.001257
v 0.018799 0.032359 0.001257
v 0.023258 0.030439 0.001257
v 0.023258 0.032359 0.001257
v 0.016125 0.036371 0.001257
v 0.017094 0.036292 0.001257
v 0.019698 0.049842 0.001257
v 0.017926 0.035969 0.001257
v 0.020843 0.050022 0.001257
v 0.023258 0.047746 0.001257
v 0.023258 0.046212 0.001257
v -0.008361 0.040994 0.001257
v -0.008361 0.039480 0.001257
v -0.008361 0.036538 0.001257
v 0.023258 0.043234 0.001257
v -0.008361 0.033597 0.001257
v 0.023258 0.040256 0.001257
v 0.012056 0.005648 0.001257
v 0.015210 0.006353 0.001257
v 0.023313 0.015008 0.001257
v 0.007527 0.047230 0.001257
v 0.017730 0.007771 0.001257
v 0.023313 0.017550 0.001257
v -0.008361 0.031483 0.001257
v -0.003874 0.013629 0.001257
v 0.023285 0.019372 0.001257
v 0.011774 0.035446 0.001257
v 0.013612 0.048536 0.001257
v 0.016655 0.049189 0.001257
v 0.013949 0.035908 0.001257
v -0.000191 0.032904 0.001257
v -0.003122 0.044944 0.001257
v 0.015037 0.036140 0.001257
v 0.018176 0.049516 0.001257
vt 0.044209 0.740173
vt 0.070072 0.740207
vt 0.070115 0.778407
vt 0.044167 0.778370
vt 0.956636 0.215964
vt 0.930536 0.215934
vt 0.930580 0.197322
vt 0.956598 0.197358
vt 0.397689 0.489797
vt 0.371630 0.489737
vt 0.371775 0.462932
vt 0.397548 0.463002
vt 0.371742 0.432084
vt 0.397594 0.432152
vt 0.043577 0.534631
vt 0.070577 0.534631
vt 0.070128 0.575297
vt 0.044106 0.575270
vt 0.070017 0.609251
vt 0.044255 0.609219
vt 0.069886 0.640148
vt 0.044397 0.640098
vt 0.070034 0.673631
vt 0.044256 0.673599
vt 0.956628 0.462215
vt 0.930547 0.462201
vt 0.930547 0.431507
vt 0.956626 0.431520
vt 0.484342 0.378034
vt 0.458227 0.378040
vt 0.458613 0.366653
vt 0.484458 0.366613
vt 0.483711 0.927976
vt 0.458124 0.927976
vt 0.457879 0.913940
vt 0.483964 0.913907
vt 0.654663 0.589861
vt 0.654865 0.583212
vt 0.686379 0.584486
vt 0.686698 0.590890
vt 0.398287 0.726010
vt 0.371013 0.726099
vt 0.371025 0.714320
vt 0.398283 0.714222
vt 0.397961 0.641937
vt 0.371349 0.641940
vt 0.371367 0.617741
vt 0.397941 0.617745
vt 0.397967 0.593636
vt 0.371342 0.593627
vt 0.371334 0.574709
vt 0.397975 0.574720
vt 0.686348 0.280875
vt 0.708051 0.300250
vt 0.703754 0.306631
vt 0.680254 0.285620
vt 0.848959 0.351145
vt 0.851825 0.370657
vt 0.844739 0.371708
vt 0.841812 0.352164
vt 0.801054 0.319392
vt 0.841237 0.327402
vt 0.828995 0.332615
vt 0.800575 0.327125
vt 0.738846 0.315336
vt 0.736317 0.322587
vt 0.675148 0.259500
vt 0.667706 0.261623
vt 0.673458 0.236803
vt 0.665723 0.235024
vt 0.683032 0.220323
vt 0.677400 0.214945
vt 0.703373 0.207253
vt 0.700603 0.200010
vt 0.761909 0.204668
vt 0.735394 0.202144
vt 0.735151 0.194479
vt 0.763751 0.197170
vt 0.843232 0.306713
vt 0.841092 0.288037
vt 0.848724 0.287090
vt 0.850894 0.305767
vt 0.357814 0.760458
vt 0.357938 0.782660
vt 0.345516 0.782427
vt 0.345516 0.760418
vt 0.279498 0.866100
vt 0.306333 0.866055
vt 0.306381 0.890122
vt 0.279454 0.890150
vt 0.956635 0.330143
vt 0.930536 0.330127
vt 0.930538 0.305030
vt 0.956632 0.305046
vt 0.736622 0.541752
vt 0.682394 0.538373
vt 0.680367 0.523755
vt 0.731159 0.526140
vt 0.484064 0.755353
vt 0.457794 0.755346
vt 0.457816 0.725659
vt 0.484043 0.725670
vt 0.484025 0.681430
vt 0.457843 0.681356
vt 0.457839 0.670664
vt 0.484030 0.670755
vt 0.484124 0.793631
vt 0.457736 0.793626
vt 0.457759 0.776819
vt 0.484101 0.776825
vt 0.956610 0.492764
vt 0.930572 0.492737
vt 0.484031 0.696320
vt 0.457831 0.696278
vt 0.398285 0.702987
vt 0.371031 0.703081
vt 0.371065 0.691432
vt 0.398256 0.691356
vt 0.483998 0.565053
vt 0.484084 0.596343
vt 0.457803 0.596250
vt 0.457910 0.564970
vt 0.930535 0.279938
vt 0.956635 0.279955
vt 0.398084 0.666332
vt 0.371233 0.666359
vt 0.956592 0.518527
vt 0.930615 0.518505
vt 0.930617 0.508349
vt 0.956576 0.508383
vt 0.484043 0.650608
vt 0.457819 0.650502
vt 0.457788 0.639919
vt 0.484070 0.640018
vt 0.371683 0.400471
vt 0.397722 0.400533
vt 0.748452 0.582714
vt 0.749442 0.587029
vt 0.686146 0.579806
vt 0.397992 0.550190
vt 0.371318 0.550173
vt 0.371301 0.532161
vt 0.398011 0.532186
vt 0.371382 0.514266
vt 0.397935 0.514298
vt 0.574748 0.449684
vt 0.577920 0.464828
vt 0.570856 0.466285
vt 0.567706 0.451160
vt 0.484107 0.821204
vt 0.457753 0.821200
vt 0.457730 0.808823
vt 0.484130 0.808828
vt 0.785026 0.214101
vt 0.788282 0.207177
vt 0.371973 0.372916
vt 0.397611 0.373009
vt 0.956675 0.527142
vt 0.930541 0.527142
vt 0.484049 0.660310
vt 0.457817 0.660209
vt 0.044221 0.705392
vt 0.070063 0.705426
vt 0.956640 0.375558
vt 0.930531 0.375540
vt 0.930527 0.360996
vt 0.956644 0.361014
vt 0.398024 0.904377
vt 0.371360 0.904386
vt 0.371340 0.892948
vt 0.398016 0.892945
vt 0.930529 0.349963
vt 0.956641 0.349981
vt 0.746058 0.572105
vt 0.685597 0.568248
vt 0.457747 0.627177
vt 0.484113 0.627250
vt 0.930539 0.393697
vt 0.956629 0.393712
vt 0.278847 0.941143
vt 0.306982 0.941125
vt 0.307136 0.950648
vt 0.278696 0.950648
vt 0.279116 0.920461
vt 0.306718 0.920434
vt 0.306857 0.931664
vt 0.278974 0.931691
vt 0.459102 0.357063
vt 0.484647 0.357009
vt 0.838195 0.266003
vt 0.845614 0.263812
vt 0.829077 0.246716
vt 0.810993 0.228015
vt 0.815652 0.221854
vt 0.835454 0.242303
vt 0.856624 0.350054
vt 0.859457 0.369535
vt 0.814642 0.614661
vt 0.750391 0.612585
vt 0.750637 0.600656
vt 0.814807 0.602729
vt 0.656471 0.488814
vt 0.679575 0.489510
vt 0.678839 0.501423
vt 0.655388 0.500720
vt 0.767353 0.321582
vt 0.766768 0.329284
vt 0.725696 0.510530
vt 0.678343 0.509136
vt 0.279748 0.531912
vt 0.306050 0.531993
vt 0.305899 0.566427
vt 0.279926 0.566343
vt 0.372801 0.342153
vt 0.397309 0.342153
vt 0.397622 0.926525
vt 0.371862 0.926536
vt 0.371512 0.916100
vt 0.397912 0.916084
vt 0.655011 0.578352
vt 0.655384 0.566326
vt 0.484133 0.611898
vt 0.457742 0.611804
vt 0.398260 0.737337
vt 0.371037 0.737405
vt 0.397229 0.936264
vt 0.372332 0.936264
vt 0.725723 0.502804
vt 0.444683 0.502582
vt 0.444649 0.565017
vt 0.432450 0.565175
vt 0.432450 0.502576
vt 0.484084 0.871110
vt 0.457775 0.871111
vt 0.457780 0.846050
vt 0.484080 0.846052
vt 0.484065 0.896699
vt 0.457792 0.896719
vt 0.306558 0.909441
vt 0.279278 0.909467
vt 0.279333 0.841985
vt 0.306488 0.841889
vt 0.853086 0.324495
vt 0.043748 0.846059
vt 0.070529 0.846035
vt 0.070646 0.866759
vt 0.043627 0.866759
vt 0.044089 0.812194
vt 0.070192 0.812235
vt 0.083904 0.845636
vt 0.083435 0.811894
vt 0.095969 0.811468
vt 0.095969 0.844729
vt 0.502589 0.335247
vt 0.468738 0.339401
vt 0.468929 0.327437
vt 0.502631 0.323214
vt 0.358161 0.489588
vt 0.357942 0.514092
vt 0.345516 0.513902
vt 0.345516 0.489458
vt 0.555125 0.252962
vt 0.560115 0.278005
vt 0.548373 0.280204
vt 0.543837 0.257100
vt 0.358379 0.462919
vt 0.345516 0.462906
vt 0.541778 0.228788
vt 0.532355 0.236198
vt 0.358260 0.432115
vt 0.345516 0.432095
vt 0.517958 0.206958
vt 0.511291 0.216944
vt 0.358106 0.400480
vt 0.345516 0.400433
vt 0.487413 0.192839
vt 0.483006 0.203928
vt 0.360636 0.342153
vt 0.358538 0.373062
vt 0.345516 0.373259
vt 0.345516 0.342153
vt 0.427952 0.182532
vt 0.459982 0.183641
vt 0.457848 0.195412
vt 0.429064 0.194464
vt 0.083510 0.575496
vt 0.084088 0.534631
vt 0.095969 0.534631
vt 0.095969 0.575899
vt 0.389791 0.191130
vt 0.394830 0.202107
vt 0.083311 0.609322
vt 0.095969 0.609516
vt 0.363222 0.210690
vt 0.372522 0.218467
vt 0.083010 0.640124
vt 0.095969 0.640186
vt 0.349973 0.237253
vt 0.362062 0.239271
vt 0.083315 0.673629
vt 0.095969 0.673736
vt 0.354284 0.269726
vt 0.365668 0.265769
vt 0.083374 0.705425
vt 0.095969 0.705484
vt 0.370645 0.296937
vt 0.379689 0.289017
vt 0.444595 0.695992
vt 0.444605 0.725528
vt 0.432450 0.725372
vt 0.432450 0.695469
vt 0.578330 0.566596
vt 0.572578 0.536731
vt 0.584305 0.534471
vt 0.590032 0.564292
vt 0.083527 0.778351
vt 0.083432 0.740201
vt 0.095969 0.740231
vt 0.095969 0.778352
vt 0.434796 0.334120
vt 0.398397 0.318910
vt 0.404486 0.308610
vt 0.438046 0.322592
vt 0.357880 0.532063
vt 0.357877 0.550134
vt 0.345516 0.550032
vt 0.345516 0.531965
vt 0.563445 0.296578
vt 0.566782 0.315138
vt 0.555030 0.317364
vt 0.551690 0.298760
vt 0.084095 0.866759
vt 0.095969 0.866759
vt 0.524868 0.338137
vt 0.531414 0.326977
vt 0.357897 0.574671
vt 0.345516 0.574670
vt 0.571859 0.340336
vt 0.560138 0.342735
vt 0.444535 0.913383
vt 0.445435 0.927976
vt 0.432450 0.927976
vt 0.432450 0.912159
vt 0.534283 0.350818
vt 0.545438 0.345755
vt 0.357434 0.702848
vt 0.357487 0.714291
vt 0.345516 0.714360
vt 0.345516 0.702432
vt 0.602179 0.469773
vt 0.610280 0.478947
vt 0.602614 0.488288
vt 0.592115 0.476452
vt 0.444556 0.896178
vt 0.432450 0.895253
vt 0.537892 0.367630
vt 0.549568 0.365141
vt 0.357901 0.593615
vt 0.345516 0.593557
vt 0.575856 0.359620
vt 0.564169 0.362063
vt 0.444577 0.870870
vt 0.432450 0.870543
vt 0.543087 0.392190
vt 0.554760 0.389724
vt 0.639463 0.577625
vt 0.640290 0.565374
vt 0.686144 0.610534
vt 0.654016 0.609505
vt 0.654401 0.597576
vt 0.686474 0.598608
vt 0.357430 0.726285
vt 0.357528 0.737757
vt 0.345516 0.738544
vt 0.345516 0.726853
vt 0.621389 0.485407
vt 0.633373 0.488047
vt 0.631870 0.499975
vt 0.616977 0.496693
vt 0.357698 0.678425
vt 0.357481 0.691054
vt 0.345516 0.690344
vt 0.345516 0.677860
vt 0.594000 0.445598
vt 0.596752 0.458426
vt 0.585333 0.462320
vt 0.582315 0.448088
vt 0.559153 0.468692
vt 0.556022 0.453600
vt 0.371146 0.678759
vt 0.398176 0.678711
vt 0.444566 0.821179
vt 0.444582 0.845953
vt 0.432450 0.845823
vt 0.432450 0.821107
vt 0.553448 0.441319
vt 0.548272 0.416755
vt 0.559945 0.414293
vt 0.565124 0.438866
vt 0.357914 0.617701
vt 0.357900 0.641854
vt 0.345516 0.641745
vt 0.345516 0.617646
vt 0.581022 0.384186
vt 0.586204 0.408751
vt 0.574530 0.411215
vt 0.569347 0.386646
vt 0.357818 0.666112
vt 0.345516 0.665851
vt 0.591394 0.433317
vt 0.579716 0.435790
vt 0.444559 0.808790
vt 0.432450 0.808750
vt 0.868435 0.348381
vt 0.871237 0.367816
vt 0.697067 0.316516
vt 0.670770 0.292956
vt 0.320458 0.812862
vt 0.320130 0.792629
vt 0.332437 0.791593
vt 0.332437 0.812383
vt 0.320512 0.826193
vt 0.332437 0.826997
vt 0.765853 0.341183
vt 0.732382 0.333867
vt 0.917480 0.215822
vt 0.917466 0.234615
vt 0.905486 0.234540
vt 0.905486 0.215707
vt 0.319657 0.729736
vt 0.319569 0.693795
vt 0.332437 0.693925
vt 0.332437 0.729732
vt 0.319176 0.597347
vt 0.319481 0.566615
vt 0.332437 0.566987
vt 0.332437 0.597642
vt 0.319471 0.630187
vt 0.332437 0.630465
vt 0.696252 0.188776
vt 0.734768 0.182532
vt 0.319706 0.532171
vt 0.332437 0.532508
vt 0.918944 0.017843
vt 0.918001 0.050112
vt 0.905486 0.050260
vt 0.905486 0.017843
vt 0.766591 0.185581
vt 0.822897 0.212317
vt 0.845286 0.235499
vt 0.917637 0.078623
vt 0.917782 0.111640
vt 0.905486 0.111595
vt 0.905486 0.078588
vt 0.917914 0.143789
vt 0.917714 0.171582
vt 0.905486 0.171395
vt 0.905486 0.143715
vt 0.857105 0.260379
vt 0.799804 0.339100
vt 0.917527 0.197140
vt 0.905486 0.196877
vt 0.930770 0.171763
vt 0.956411 0.171833
vt 0.279891 0.729770
vt 0.305929 0.729787
vt 0.306017 0.761437
vt 0.279805 0.761433
vt 0.930531 0.260265
vt 0.956639 0.260283
vt 0.305753 0.597240
vt 0.280078 0.597153
vt 0.956310 0.143909
vt 0.930881 0.143827
vt 0.930832 0.111620
vt 0.956393 0.111701
vt 0.398082 0.760156
vt 0.371223 0.760178
vt 0.371114 0.748877
vt 0.398187 0.748835
vt 0.644923 0.488446
vt 0.643650 0.500357
vt 0.821801 0.343326
vt 0.830399 0.356523
vt 0.320112 0.842171
vt 0.332437 0.842702
vt 0.832967 0.373474
vt 0.279946 0.630027
vt 0.305890 0.630076
vt 0.305911 0.660681
vt 0.279917 0.660644
vt 0.956556 0.078708
vt 0.930803 0.078630
vt 0.931087 0.049989
vt 0.956630 0.050116
vt 0.484139 0.409069
vt 0.483986 0.440379
vt 0.457906 0.440295
vt 0.457898 0.408992
vt 0.279080 0.490631
vt 0.306633 0.490631
vt 0.397878 0.782599
vt 0.371436 0.782599
vt 0.956643 0.234698
vt 0.930527 0.234675
vt 0.848408 0.396489
vt 0.836641 0.398233
vt 0.332437 0.866044
vt 0.319933 0.866045
vt 0.871296 0.449567
vt 0.869674 0.438661
vt 0.881446 0.436908
vt 0.883073 0.447797
vt 0.905486 0.360981
vt 0.905486 0.349942
vt 0.917477 0.349950
vt 0.917476 0.360989
vt 0.852070 0.421257
vt 0.854959 0.440837
vt 0.843185 0.442560
vt 0.840303 0.422994
vt 0.332437 0.889626
vt 0.332437 0.908415
vt 0.320077 0.909007
vt 0.319951 0.889905
vt 0.866775 0.419084
vt 0.863113 0.394315
vt 0.874882 0.392578
vt 0.878543 0.417341
vt 0.905486 0.330108
vt 0.905486 0.305008
vt 0.917481 0.305019
vt 0.917480 0.330115
vt 0.856562 0.451749
vt 0.858495 0.465054
vt 0.846421 0.465025
vt 0.844768 0.453450
vt 0.332437 0.918877
vt 0.332437 0.929965
vt 0.320633 0.931130
vt 0.320273 0.919847
vt 0.905486 0.279907
vt 0.917479 0.279924
vt 0.654961 0.522565
vt 0.654654 0.508430
vt 0.637940 0.608964
vt 0.621855 0.608364
vt 0.622384 0.596462
vt 0.638373 0.597037
vt 0.279268 0.793296
vt 0.306557 0.793167
vt 0.306713 0.812911
vt 0.279110 0.813080
vt 0.358488 0.926298
vt 0.359950 0.936264
vt 0.345516 0.936264
vt 0.345516 0.925719
vt 0.829188 0.490463
vt 0.838473 0.484857
vt 0.846842 0.493779
vt 0.833925 0.501596
vt 0.446205 0.357281
vt 0.445532 0.366666
vt 0.432450 0.367171
vt 0.432450 0.358808
vt 0.897551 0.613454
vt 0.889450 0.616111
vt 0.885672 0.604487
vt 0.890552 0.603498
vt 0.320765 0.940836
vt 0.332437 0.940321
vt 0.844849 0.475763
vt 0.856222 0.480277
vt 0.917526 0.492809
vt 0.917743 0.508380
vt 0.905486 0.508457
vt 0.905486 0.493007
vt 0.904638 0.578018
vt 0.907031 0.593310
vt 0.894759 0.591112
vt 0.892895 0.579954
vt 0.445021 0.670506
vt 0.444817 0.681088
vt 0.432450 0.680449
vt 0.432450 0.670094
vt 0.585306 0.591114
vt 0.581341 0.581536
vt 0.592731 0.578059
vt 0.595552 0.585021
vt 0.917489 0.462228
vt 0.905486 0.462277
vt 0.899449 0.547719
vt 0.887700 0.549730
vt 0.444594 0.755300
vt 0.432450 0.755275
vt 0.566804 0.506865
vt 0.578534 0.504568
vt 0.444975 0.377856
vt 0.432450 0.377399
vt 0.878935 0.616567
vt 0.878820 0.604701
vt 0.750798 0.592933
vt 0.814907 0.595005
vt 0.812516 0.589601
vt 0.444637 0.627378
vt 0.444898 0.640159
vt 0.432450 0.640622
vt 0.432450 0.627859
vt 0.608820 0.607616
vt 0.611038 0.595894
vt 0.357883 0.915683
vt 0.345516 0.914800
vt 0.818197 0.493368
vt 0.819632 0.505389
vt 0.917481 0.393691
vt 0.917486 0.431510
vt 0.905486 0.431521
vt 0.905486 0.393676
vt 0.888078 0.480038
vt 0.894274 0.517408
vt 0.882503 0.519393
vt 0.876279 0.481937
vt 0.320938 0.950648
vt 0.332437 0.950648
vt 0.917477 0.375534
vt 0.905486 0.375524
vt 0.885247 0.462139
vt 0.873466 0.463954
vt 0.484257 0.393480
vt 0.457963 0.393424
vt 0.796762 0.512562
vt 0.807418 0.529692
vt 0.781974 0.528509
vt 0.773058 0.511903
vt 0.397759 0.826507
vt 0.371560 0.826499
vt 0.357712 0.749246
vt 0.345516 0.749462
vt 0.818037 0.546842
vt 0.836763 0.577966
vt 0.806537 0.575994
vt 0.790881 0.545129
vt 0.810771 0.585654
vt 0.444574 0.776788
vt 0.444562 0.793598
vt 0.432450 0.793575
vt 0.432450 0.776776
vt 0.562555 0.485423
vt 0.574276 0.483067
vt 0.917831 0.518441
vt 0.905486 0.516359
vt 0.906867 0.601145
vt 0.895047 0.596147
vt 0.445071 0.650613
vt 0.432450 0.650745
vt 0.599149 0.604462
vt 0.604605 0.593847
vt 0.357858 0.903985
vt 0.345516 0.903851
vt 0.806649 0.493130
vt 0.807822 0.505111
vt 0.638662 0.589334
vt 0.639127 0.582569
vt 0.655277 0.536693
vt 0.444959 0.660177
vt 0.432450 0.659990
vt 0.591674 0.598967
vt 0.599888 0.590354
vt 0.305898 0.693750
vt 0.279925 0.693725
vt 0.444583 0.596315
vt 0.432450 0.596493
vt 0.444576 0.611945
vt 0.432450 0.612169
vt 0.917413 0.527142
vt 0.905486 0.527142
vt 0.903685 0.608062
vt 0.894062 0.600706
vt 0.656132 0.264872
vt 0.653810 0.232280
vt 0.319524 0.660767
vt 0.332437 0.660980
vt 0.447161 0.348097
vt 0.432450 0.348097
vt 0.469045 0.319693
vt 0.502639 0.315444
vt 0.540794 0.281618
vt 0.536546 0.259746
vt 0.526243 0.241003
vt 0.507005 0.223393
vt 0.480170 0.211056
vt 0.456463 0.203027
vt 0.429775 0.202119
vt 0.398044 0.209185
vt 0.378486 0.223505
vt 0.369910 0.240580
vt 0.372986 0.263191
vt 0.385498 0.283897
vt 0.591897 0.533014
vt 0.597589 0.562833
vt 0.408397 0.301963
vt 0.440135 0.315182
vt 0.544080 0.300176
vt 0.541420 0.321723
vt 0.552531 0.344297
vt 0.597615 0.494397
vt 0.581584 0.481599
vt 0.556597 0.363654
vt 0.561789 0.388240
vt 0.630914 0.507715
vt 0.614118 0.504041
vt 0.566973 0.412810
vt 0.572156 0.437385
vt 0.864920 0.322995
vt 0.862731 0.304312
vt 0.319590 0.761077
vt 0.332437 0.760663
vt 0.668612 0.206638
vt 0.320519 0.490631
vt 0.332437 0.490631
vt 0.793343 0.196404
vt 0.860548 0.285616
vt 0.306677 0.825842
vt 0.279140 0.825990
vt 0.371456 0.870437
vt 0.397877 0.870442
vt 0.772613 0.504160
vt 0.917478 0.260241
vt 0.905486 0.260222
vt 0.483920 0.502717
vt 0.457952 0.502643
vt 0.931625 0.017843
vt 0.957174 0.017843
vt 0.855494 0.395441
vt 0.864195 0.450625
vt 0.862583 0.439713
vt 0.859156 0.420211
vt 0.866343 0.465044
vt 0.852294 0.499615
vt 0.836993 0.508854
vt 0.883251 0.596952
vt 0.885641 0.596452
vt 0.868621 0.483167
vt 0.886725 0.589346
vt 0.885327 0.581247
vt 0.600092 0.575881
vt 0.602196 0.581115
vt 0.880097 0.551039
vt 0.586138 0.503084
vt 0.878830 0.597058
vt 0.612393 0.588327
vt 0.622702 0.588790
vt 0.820538 0.513205
vt 0.874872 0.520684
vt 0.725789 0.490871
vt 0.444641 0.440141
vt 0.432450 0.439985
vt 0.887311 0.592720
vt 0.608105 0.586972
vt 0.642796 0.508072
vt 0.358019 0.826494
vt 0.345516 0.826599
vt 0.862920 0.596561
vt 0.862886 0.604259
vt 0.605181 0.584823
vt 0.886958 0.594959
vt 0.489752 0.297350
vt 0.466470 0.287831
vt 0.494297 0.264100
vt 0.511284 0.278061
vt 0.449475 0.235510
vt 0.425732 0.222455
vt 0.418923 0.259040
vt 0.441724 0.274586
vt 0.512255 0.303622
vt 0.524479 0.290977
vt 0.533586 0.300608
vt 0.529851 0.309066
vt 0.473127 0.249412
vt 0.399026 0.242064
vt 0.789323 0.300596
vt 0.766724 0.289706
vt 0.795868 0.267769
vt 0.811931 0.282700
vt 0.752980 0.236584
vt 0.730135 0.222145
vt 0.721135 0.258156
vt 0.742891 0.275017
vt 0.811343 0.308205
vt 0.824282 0.296360
vt 0.832759 0.306499
vt 0.827274 0.312819
vt 0.775684 0.251861
vt 0.702356 0.240047
vt 0.599880 0.514016
vt 0.602109 0.533566
vt 0.605473 0.563268
vt 0.606922 0.576152
vt 0.607491 0.581302
vt 0.612563 0.581493
vt 0.623424 0.581925
vt 0.859759 0.591551
vt 0.875435 0.592198
vt 0.880859 0.592429
vt 0.884292 0.592581
vt 0.883103 0.589153
vt 0.880244 0.580884
vt 0.869687 0.550303
vt 0.860990 0.525030
vt 0.847682 0.529230
vt 0.832901 0.530926
vt 0.642248 0.521976
vt 0.629524 0.521399
vt 0.613818 0.519148
vt 0.628152 0.535054
vt 0.613522 0.534203
vt 0.625214 0.564436
vt 0.612946 0.563699
vt 0.623944 0.576902
vt 0.612681 0.576396
vt 0.857455 0.587891
vt 0.851859 0.578964
vt 0.866923 0.579969
vt 0.872955 0.588640
vt 0.874572 0.580489
vt 0.879020 0.588943
vt 0.845186 0.548623
vt 0.858318 0.549515
vt 0.641716 0.535866
vt 0.444638 0.408851
vt 0.432450 0.408692
vt 0.841910 0.587143
vt 0.844030 0.590903
vt 0.796073 0.504808
vt 0.772003 0.492208
vt 0.357953 0.870366
vt 0.345516 0.870789
vt 0.846766 0.615702
vt 0.846873 0.603768
vt 0.862843 0.616187
vt 0.808635 0.512881
vt 0.831614 0.547723
vt 0.820156 0.530297
vt 0.444715 0.393229
vt 0.432450 0.393037
vt 0.846936 0.596052
vt 0.795103 0.492844
vt 0.357887 0.892662
vt 0.345516 0.892853
vt 0.266062 0.458147
vt 0.234864 0.464844
vt 0.234038 0.458516
vt 0.264684 0.451666
vt 0.191572 0.169751
vt 0.198248 0.173808
vt 0.177082 0.197636
vt 0.172037 0.191744
vt 0.038494 0.258759
vt 0.045640 0.258759
vt 0.045640 0.278351
vt 0.038494 0.278351
vt 0.081403 0.221634
vt 0.082782 0.229262
vt 0.055515 0.237987
vt 0.042833 0.234392
vt 0.146333 0.217425
vt 0.142955 0.210460
vt 0.200325 0.146905
vt 0.208073 0.148163
vt 0.199311 0.123785
vt 0.206884 0.121056
vt 0.187611 0.108323
vt 0.192613 0.102198
vt 0.165467 0.097718
vt 0.167330 0.090089
vt 0.106453 0.102525
vt 0.103672 0.095273
vt 0.131952 0.088943
vt 0.132678 0.096656
vt 0.038210 0.214317
vt 0.030525 0.214376
vt 0.030241 0.195636
vt 0.037926 0.195578
vt 0.411496 0.760398
vt 0.423795 0.760332
vt 0.423795 0.782397
vt 0.411377 0.782641
vt 0.177242 0.425619
vt 0.179806 0.409366
vt 0.229098 0.397986
vt 0.229720 0.412657
vt 0.172949 0.467817
vt 0.233434 0.453891
vt 0.172746 0.472216
vt 0.317782 0.306730
vt 0.324929 0.306730
vt 0.324929 0.322071
vt 0.317782 0.322071
vt 0.084542 0.114848
vt 0.080434 0.108341
vt 0.231914 0.442476
vt 0.173408 0.457007
vt 0.030241 0.172088
vt 0.037926 0.173306
vt 0.044566 0.152891
vt 0.037653 0.149298
vt 0.054889 0.126352
vt 0.060307 0.131935
vt 0.030809 0.278351
vt 0.030809 0.258759
vt 0.113814 0.510830
vt 0.111535 0.499178
vt 0.173995 0.485770
vt 0.176353 0.497406
vt 0.246294 0.359549
vt 0.249445 0.371004
vt 0.226619 0.375854
vt 0.223784 0.364319
vt 0.116632 0.227632
vt 0.115170 0.220009
vt 0.182371 0.393112
vt 0.228476 0.383316
vt 0.263676 0.446929
vt 0.261167 0.435210
vt 0.180966 0.385554
vt 0.497185 0.502780
vt 0.509412 0.502898
vt 0.509412 0.565489
vt 0.497244 0.565218
vt 0.030809 0.233115
vt 0.030381 0.845633
vt 0.018315 0.844710
vt 0.018315 0.811368
vt 0.030848 0.811825
vt 0.364181 0.181925
vt 0.362070 0.170199
vt 0.395921 0.168569
vt 0.398166 0.180330
vt 0.411155 0.489709
vt 0.423795 0.489642
vt 0.423795 0.514025
vt 0.411373 0.514171
vt 0.297633 0.111107
vt 0.309529 0.113025
vt 0.309529 0.136573
vt 0.297604 0.136672
vt 0.410941 0.463065
vt 0.423795 0.463130
vt 0.306241 0.084680
vt 0.316941 0.090235
vt 0.411066 0.432264
vt 0.423795 0.432324
vt 0.325751 0.058656
vt 0.334177 0.067289
vt 0.411257 0.400617
vt 0.423795 0.400642
vt 0.353328 0.039145
vt 0.359722 0.049278
vt 0.409510 0.342153
vt 0.423795 0.342153
vt 0.423795 0.373441
vt 0.410946 0.373196
vt 0.410097 0.017859
vt 0.411240 0.029881
vt 0.382960 0.036210
vt 0.378657 0.024986
vt 0.030748 0.575483
vt 0.018315 0.575901
vt 0.018315 0.534631
vt 0.030134 0.534631
vt 0.449563 0.019169
vt 0.446619 0.031026
vt 0.030967 0.609264
vt 0.018315 0.609432
vt 0.479731 0.033649
vt 0.471901 0.043135
vt 0.031272 0.640036
vt 0.018315 0.640056
vt 0.497880 0.057771
vt 0.486172 0.061993
vt 0.030973 0.673545
vt 0.018315 0.673603
vt 0.499423 0.091010
vt 0.487361 0.089100
vt 0.030909 0.705337
vt 0.018315 0.705343
vt 0.487930 0.121022
vt 0.477536 0.114745
vt 0.497263 0.696094
vt 0.509412 0.695621
vt 0.509412 0.725448
vt 0.497255 0.725575
vt 0.336862 0.421305
vt 0.324929 0.421282
vt 0.324929 0.391037
vt 0.336810 0.391025
vt 0.030757 0.778265
vt 0.018315 0.778215
vt 0.018315 0.740087
vt 0.030851 0.740112
vt 0.430856 0.169205
vt 0.425621 0.158362
vt 0.456371 0.138573
vt 0.464228 0.147715
vt 0.411431 0.532120
vt 0.423795 0.532050
vt 0.423795 0.550090
vt 0.411432 0.550174
vt 0.297929 0.155436
vt 0.309813 0.155313
vt 0.310097 0.174052
vt 0.298232 0.174162
vt 0.030185 0.866759
vt 0.018315 0.866759
vt 0.343173 0.188476
vt 0.334804 0.178924
vt 0.423795 0.574708
vt 0.411413 0.574696
vt 0.310097 0.199696
vt 0.298223 0.199694
vt 0.497321 0.913362
vt 0.509412 0.912135
vt 0.509412 0.927976
vt 0.496430 0.927976
vt 0.336676 0.202346
vt 0.324929 0.199696
vt 0.411880 0.702703
vt 0.423795 0.702229
vt 0.423795 0.714146
vt 0.411823 0.714140
vt 0.295353 0.331653
vt 0.306357 0.336120
vt 0.298472 0.349559
vt 0.289336 0.341987
vt 0.497303 0.896157
vt 0.509412 0.895226
vt 0.336737 0.219288
vt 0.324929 0.219288
vt 0.423795 0.593580
vt 0.411409 0.593631
vt 0.310097 0.219288
vt 0.298225 0.219287
vt 0.497284 0.870862
vt 0.509412 0.870529
vt 0.336794 0.244258
vt 0.324929 0.244271
vt 0.278797 0.443447
vt 0.275793 0.431577
vt 0.238894 0.483980
vt 0.236455 0.472362
vt 0.267685 0.465658
vt 0.270160 0.477275
vt 0.411877 0.726144
vt 0.423795 0.726655
vt 0.423795 0.738380
vt 0.411777 0.737641
vt 0.279839 0.350206
vt 0.286128 0.360327
vt 0.272272 0.366154
vt 0.268720 0.354830
vt 0.411618 0.678332
vt 0.423795 0.677729
vt 0.423795 0.690170
vt 0.411834 0.690930
vt 0.298267 0.306720
vt 0.310097 0.306730
vt 0.310097 0.321127
vt 0.298281 0.319677
vt 0.336800 0.322073
vt 0.336800 0.306732
vt 0.497295 0.821186
vt 0.509412 0.821116
vt 0.509412 0.845823
vt 0.497279 0.845953
vt 0.336801 0.294238
vt 0.324929 0.294238
vt 0.324929 0.269255
vt 0.336802 0.269252
vt 0.411396 0.617703
vt 0.423795 0.617648
vt 0.423795 0.641712
vt 0.411411 0.641833
vt 0.298225 0.244270
vt 0.310097 0.244271
vt 0.310097 0.269255
vt 0.298225 0.269258
vt 0.423795 0.665758
vt 0.411494 0.666047
vt 0.310097 0.294238
vt 0.298238 0.294245
vt 0.497302 0.808799
vt 0.509412 0.808762
vt 0.018935 0.258757
vt 0.018937 0.278350
vt 0.184940 0.206778
vt 0.208642 0.180085
vt 0.265367 0.813124
vt 0.253394 0.812759
vt 0.253394 0.791880
vt 0.265696 0.792836
vt 0.265313 0.826444
vt 0.253394 0.827354
vt 0.118878 0.239393
vt 0.151568 0.228268
vt 0.969692 0.215892
vt 0.981685 0.215812
vt 0.981685 0.234620
vt 0.969703 0.234669
vt 0.266168 0.729721
vt 0.253394 0.729713
vt 0.253394 0.693855
vt 0.266257 0.693747
vt 0.266654 0.597200
vt 0.253394 0.597430
vt 0.253394 0.566759
vt 0.266346 0.566460
vt 0.266362 0.630083
vt 0.253394 0.630310
vt 0.170275 0.078232
vt 0.130808 0.076922
vt 0.253394 0.532314
vt 0.266107 0.532038
vt 0.969894 0.017843
vt 0.981685 0.017843
vt 0.981685 0.050465
vt 0.969513 0.050278
vt 0.099369 0.084049
vt 0.046462 0.117719
vt 0.026953 0.143743
vt 0.969639 0.078781
vt 0.981685 0.078821
vt 0.981685 0.111849
vt 0.969419 0.111808
vt 0.969270 0.143953
vt 0.981685 0.143964
vt 0.981685 0.171602
vt 0.969464 0.171719
vt 0.018345 0.170170
vt 0.084892 0.240988
vt 0.981685 0.197021
vt 0.969648 0.197233
vt 0.257539 0.357188
vt 0.260859 0.368579
vt 0.063884 0.247539
vt 0.057388 0.261409
vt 0.265716 0.842368
vt 0.253394 0.842988
vt 0.057449 0.278351
vt 0.057507 0.303322
vt 0.045640 0.303334
vt 0.265897 0.866169
vt 0.253394 0.866233
vt 0.030809 0.359047
vt 0.018934 0.359052
vt 0.018934 0.348059
vt 0.030809 0.348059
vt 0.981685 0.361033
vt 0.969695 0.361024
vt 0.969694 0.349985
vt 0.981685 0.349994
vt 0.045640 0.328317
vt 0.057514 0.328322
vt 0.057493 0.348074
vt 0.045640 0.348059
vt 0.253394 0.889751
vt 0.265880 0.889986
vt 0.265755 0.909067
vt 0.253394 0.908505
vt 0.030809 0.328317
vt 0.018936 0.328316
vt 0.018937 0.303333
vt 0.030809 0.303334
vt 0.981685 0.330160
vt 0.969691 0.330150
vt 0.969689 0.305054
vt 0.981685 0.305061
vt 0.045640 0.359047
vt 0.057451 0.359042
vt 0.057408 0.370598
vt 0.045640 0.372367
vt 0.253394 0.918943
vt 0.265559 0.919893
vt 0.265199 0.931162
vt 0.253394 0.930005
vt 0.969690 0.279962
vt 0.981685 0.279964
vt 0.251528 0.378418
vt 0.253743 0.392297
vt 0.285796 0.473945
vt 0.283300 0.462306
vt 0.298915 0.458954
vt 0.301501 0.470621
vt 0.410965 0.926287
vt 0.423795 0.925703
vt 0.423795 0.936264
vt 0.409640 0.936264
vt 0.077804 0.392228
vt 0.075168 0.403786
vt 0.061359 0.398414
vt 0.067959 0.388440
vt 0.497143 0.357295
vt 0.509412 0.358981
vt 0.509412 0.367368
vt 0.497153 0.366717
vt 0.031963 0.524789
vt 0.037152 0.513592
vt 0.042229 0.513660
vt 0.040596 0.525934
vt 0.265066 0.940853
vt 0.253394 0.940336
vt 0.060429 0.380737
vt 0.050099 0.386851
vt 0.969653 0.492859
vt 0.981685 0.493084
vt 0.981685 0.508528
vt 0.969439 0.508424
vt 0.018847 0.490557
vt 0.030804 0.490518
vt 0.030804 0.501898
vt 0.018937 0.506160
vt 0.496844 0.670662
vt 0.509412 0.670320
vt 0.509412 0.680649
vt 0.497046 0.681224
vt 0.334792 0.446886
vt 0.323464 0.442782
vt 0.324929 0.435345
vt 0.336843 0.436591
vt 0.969684 0.462269
vt 0.981685 0.462343
vt 0.018919 0.459879
vt 0.030804 0.459893
vt 0.509412 0.755314
vt 0.497267 0.755323
vt 0.324929 0.360793
vt 0.336800 0.360791
vt 0.509412 0.377621
vt 0.497329 0.377947
vt 0.049075 0.512586
vt 0.051155 0.524368
vt 0.172466 0.478238
vt 0.110069 0.491633
vt 0.111454 0.485917
vt 0.497226 0.627548
vt 0.509412 0.628109
vt 0.509412 0.640872
vt 0.496962 0.640333
vt 0.310052 0.456437
vt 0.314311 0.467678
vt 0.411505 0.915666
vt 0.423795 0.914776
vt 0.088888 0.393050
vt 0.089660 0.404954
vt 0.969687 0.393726
vt 0.981685 0.393730
vt 0.981685 0.431580
vt 0.969686 0.431546
vt 0.018931 0.391598
vt 0.030806 0.391593
vt 0.030804 0.429269
vt 0.018934 0.429264
vt 0.264895 0.950648
vt 0.253394 0.950648
vt 0.969693 0.375569
vt 0.981685 0.375577
vt 0.018941 0.373531
vt 0.030809 0.373524
vt 0.113213 0.407806
vt 0.136266 0.402908
vt 0.130515 0.420745
vt 0.105869 0.426435
vt 0.411595 0.749159
vt 0.423795 0.749338
vt 0.098525 0.445064
vt 0.124764 0.438582
vt 0.114902 0.471539
vt 0.085649 0.478805
vt 0.112464 0.481743
vt 0.497287 0.776804
vt 0.509412 0.776799
vt 0.509412 0.793591
vt 0.497299 0.793609
vt 0.336800 0.339056
vt 0.324929 0.339054
vt 0.981685 0.516421
vt 0.969354 0.518468
vt 0.031347 0.506986
vt 0.020395 0.514021
vt 0.509412 0.650994
vt 0.496791 0.650787
vt 0.316091 0.453251
vt 0.323435 0.462835
vt 0.411497 0.903971
vt 0.423795 0.903828
vt 0.100035 0.390667
vt 0.101074 0.402529
vt 0.281662 0.454798
vt 0.280007 0.448241
vt 0.255959 0.406175
vt 0.509412 0.660233
vt 0.496905 0.660345
vt 0.320167 0.448916
vt 0.329929 0.455960
vt 0.509412 0.596783
vt 0.497298 0.596508
vt 0.497294 0.612128
vt 0.509412 0.612438
vt 0.981685 0.527142
vt 0.969770 0.527142
vt 0.033115 0.511411
vt 0.024796 0.520459
vt 0.220135 0.150073
vt 0.218592 0.116834
vt 0.266305 0.660692
vt 0.253394 0.660869
vt 0.497472 0.348097
vt 0.509412 0.348097
vt 0.394458 0.160946
vt 0.360691 0.162571
vt 0.317214 0.136515
vt 0.317214 0.114243
vt 0.323854 0.093828
vt 0.339595 0.072872
vt 0.363830 0.055785
vt 0.385742 0.043462
vt 0.411967 0.037593
vt 0.444756 0.038655
vt 0.466899 0.049260
vt 0.478599 0.064722
vt 0.479613 0.087842
vt 0.470861 0.110688
vt 0.317244 0.391037
vt 0.317244 0.421282
vt 0.451325 0.132681
vt 0.422244 0.151397
vt 0.317498 0.155254
vt 0.324124 0.175663
vt 0.317782 0.199696
vt 0.304467 0.354528
vt 0.317546 0.339054
vt 0.317782 0.219288
vt 0.317782 0.244271
vt 0.274580 0.373520
vt 0.290247 0.366932
vt 0.317782 0.269255
vt 0.317782 0.294238
vt 0.018943 0.233225
vt 0.018641 0.214499
vt 0.266236 0.761121
vt 0.253394 0.760745
vt 0.200443 0.092712
vt 0.253394 0.490631
vt 0.265254 0.490631
vt 0.074040 0.098208
vt 0.018315 0.195735
vt 0.135313 0.395254
vt 0.981685 0.260286
vt 0.969693 0.260284
vt 0.038494 0.303334
vt 0.037955 0.359047
vt 0.037955 0.348059
vt 0.038494 0.328317
vt 0.037955 0.373524
vt 0.057017 0.404971
vt 0.073430 0.411355
vt 0.043270 0.505718
vt 0.040805 0.505647
vt 0.038491 0.391594
vt 0.038489 0.498775
vt 0.038489 0.490518
vt 0.317244 0.434596
vt 0.316147 0.440163
vt 0.038489 0.459893
vt 0.317244 0.360792
vt 0.047672 0.505027
vt 0.307366 0.449165
vt 0.297261 0.451449
vt 0.090161 0.412705
vt 0.038489 0.429269
vt 0.178774 0.373882
vt 0.497233 0.440338
vt 0.509412 0.440298
vt 0.038489 0.502226
vt 0.311371 0.447052
vt 0.263054 0.375969
vt 0.423795 0.826604
vt 0.411296 0.826500
vt 0.063271 0.501678
vt 0.064690 0.509234
vt 0.313877 0.444388
vt 0.039230 0.504394
vt 0.370117 0.142571
vt 0.345469 0.127533
vt 0.359625 0.110685
vt 0.391353 0.129042
vt 0.419754 0.056978
vt 0.398653 0.074275
vt 0.413426 0.111515
vt 0.433202 0.091999
vt 0.349187 0.152762
vt 0.333021 0.161271
vt 0.327812 0.153720
vt 0.334921 0.142633
vt 0.377825 0.092336
vt 0.449867 0.071520
vt 0.090828 0.201633
vt 0.066181 0.186596
vt 0.080337 0.169748
vt 0.112065 0.188105
vt 0.140466 0.116041
vt 0.119364 0.133338
vt 0.134138 0.170577
vt 0.153913 0.151062
vt 0.069898 0.211825
vt 0.054734 0.218331
vt 0.048524 0.212783
vt 0.055632 0.201695
vt 0.098536 0.151399
vt 0.170579 0.130583
vt 0.305920 0.374002
vt 0.307373 0.393475
vt 0.309590 0.423183
vt 0.310556 0.436135
vt 0.310944 0.441326
vt 0.305966 0.442438
vt 0.295330 0.444816
vt 0.050162 0.499617
vt 0.065485 0.496192
vt 0.044840 0.500807
vt 0.041463 0.501562
vt 0.042043 0.497956
vt 0.043439 0.489289
vt 0.048574 0.457402
vt 0.052795 0.431186
vt 0.066506 0.433019
vt 0.081223 0.432125
vt 0.278389 0.386607
vt 0.266066 0.389452
vt 0.293294 0.381566
vt 0.296340 0.396201
vt 0.282198 0.399694
vt 0.302333 0.424985
vt 0.290420 0.427944
vt 0.304924 0.437432
vt 0.293919 0.439966
vt 0.067100 0.492187
vt 0.051979 0.495669
vt 0.056396 0.486070
vt 0.071023 0.482437
vt 0.046045 0.497035
vt 0.048959 0.487917
vt 0.059582 0.454683
vt 0.072286 0.451545
vt 0.269079 0.402935
vt 0.497320 0.409024
vt 0.509412 0.408977
vt 0.082222 0.488706
vt 0.080808 0.492767
vt 0.112487 0.400104
vt 0.133763 0.383447
vt 0.423795 0.870788
vt 0.411370 0.870368
vt 0.082556 0.517554
vt 0.080305 0.505882
vt 0.066918 0.520956
vt 0.101687 0.410255
vt 0.085405 0.448304
vt 0.093546 0.429280
vt 0.497356 0.393381
vt 0.509412 0.393295
vt 0.078871 0.498330
vt 0.111259 0.388246
vt 0.423795 0.892836
vt 0.411450 0.892653
vt 0.484864 0.348097
vt 0.459726 0.348097
usemtl musical-note-icon-002
s 1
f 1048/1 1156/2 1141/3 1033/4
f 1114/5 1222/6 1219/7 1111/8
f 1036/9 1144/10 1146/11 1038/12
f 1038/12 1146/11 1147/13 1039/14
f 1042/15 1150/16 1151/17 1043/18
f 1043/18 1151/17 1152/19 1044/20
f 1044/20 1152/19 1153/21 1045/22
f 1045/22 1153/21 1154/23 1046/24
f 1103/25 1211/26 1213/27 1105/28
f 1095/29 1203/30 1205/31 1097/32
f 1034/33 1142/34 1157/35 1049/36
f 258/37 255/38 301/39 297/40
f 1055/41 1163/42 1161/43 1053/44
f 1074/45 1182/46 1164/47 1056/48
f 1052/49 1160/50 1158/51 1050/52
f 141/53 137/54 415/55 414/56
f 124/57 178/58 355/59 420/60
f 174/61 129/62 418/63 13/64
f 137/54 135/65 416/66 415/55
f 144/67 141/53 414/56 2/68
f 147/69 144/67 2/68 3/70
f 150/71 147/69 3/70 4/72
f 153/73 150/71 4/72 5/74
f 158/75 156/76 6/77 7/78
f 438/79 170/80 12/81 437/82
f 259/83 296/84 295/85 257/86
f 1082/87 1190/88 1197/89 1089/90
f 1091/91 1199/92 1189/93 1081/94
f 1056/48 1164/47 1160/50 1052/49
f 311/95 291/96 293/97 310/98
f 1104/99 1212/100 1210/101 1102/102
f 1100/103 1208/104 1166/105 1058/106
f 1070/107 1178/108 1220/109 1112/110
f 1099/111 1207/112 1211/26 1103/25
f 1101/113 1209/114 1208/104 1100/103
f 1054/115 1162/116 1176/117 1068/118
f 1016/119 1030/120 1138/121 1124/122
f 1081/94 1189/93 1188/123 1080/124
f 1075/125 1183/126 1182/46 1074/45
f 1063/127 1171/128 1206/129 1098/130
f 1060/131 1168/132 1172/133 1064/134
f 1039/14 1147/13 1148/135 1040/136
f 340/137 341/138 301/39 306/139
f 1037/140 1145/141 1221/142 1113/143
f 1050/52 1158/51 1145/141 1037/140
f 1113/143 1221/142 1143/144 1035/145
f 1053/44 1161/43 1162/116 1054/115
f 270/146 106/147 346/148 352/149
f 1073/150 1181/151 1179/152 1071/153
f 17/154 158/75 7/78 8/155
f 1040/136 1148/135 1149/156 1041/157
f 1062/158 1170/159 1171/128 1063/127
f 1059/160 1167/161 1168/132 1060/131
f 1058/106 1166/105 1167/161 1059/160
f 1047/162 1155/163 1156/2 1048/1
f 1084/164 1192/165 1193/166 1085/167
f 1121/168 1229/169 1226/170 1118/171
f 1085/167 1193/166 1200/172 1092/173
f 311/95 312/174 299/175 291/96
f 1064/134 1172/133 1173/176 1065/177
f 1105/28 1213/27 1191/178 1083/179
f 1087/180 1195/181 1204/182 1096/183
f 1088/184 1196/185 1194/186 1086/187
f 1097/32 1205/31 1169/188 1061/189
f 170/80 168/190 11/191 12/81
f 165/192 162/193 9/194 10/195
f 178/58 124/57 419/196 356/197
f 26/198 388/199 387/200 25/201
f 156/76 153/73 5/74 6/77
f 257/202 295/203 294/204 256/205
f 135/65 176/206 14/207 416/66
f 1102/102 1210/101 1209/114 1101/113
f 353/208 310/98 293/97 292/209
f 162/193 17/154 8/155 9/194
f 1026/210 1134/211 1132/212 1024/213
f 1041/157 1149/156 1150/214 1042/215
f 1098/130 1206/129 1207/112 1099/111
f 1094/216 1202/217 1201/218 1093/219
f 1070/107 1071/153 1179/152 1178/108
f 263/220 262/221 299/175 306/139
f 1120/222 1065/177 1173/176 1228/223
f 1067/224 1175/225 1163/42 1055/41
f 1096/226 1204/227 1202/217 1094/216
f 353/208 292/209 294/204 367/228
f 391/229 305/230 298/231 388/232
f 1057/233 1165/234 1180/235 1072/236
f 1051/237 1159/238 1165/234 1057/233
f 1086/187 1194/186 1195/181 1087/180
f 1046/24 1154/23 1155/163 1047/162
f 1092/173 1200/172 1199/92 1091/91
f 1089/90 1197/89 1198/239 1090/240
f 1079/241 1187/242 1190/88 1082/87
f 176/206 174/61 13/64 14/207
f 168/190 165/192 10/195 11/191
f 129/62 124/57 420/60 418/63
f 124/57 129/62 417/243 419/196
f 1072/236 1180/235 1181/151 1073/150
f 1090/240 1198/239 1196/185 1088/184
f 1049/36 1157/35 1159/238 1051/237
f 1032/244 1140/245 1142/246 1034/247
f 1031/248 1139/249 1140/245 1032/244
f 1035/145 1143/144 1144/10 1036/9
f 32/250 28/251 30/252 33/253
f 33/254 30/255 313/256 314/257
f 38/258 34/259 36/260 39/261
f 39/262 36/263 315/264 316/265
f 41/266 38/258 39/261 42/267
f 42/268 39/262 316/265 317/269
f 44/270 41/266 42/267 45/271
f 45/272 42/268 317/269 318/273
f 282/274 44/270 45/271 283/275
f 283/276 45/272 318/273 319/277
f 50/278 46/279 48/280 51/281
f 51/282 48/283 320/284 321/285
f 53/286 50/287 51/288 54/289
f 54/290 51/282 321/285 322/291
f 56/292 53/286 54/289 57/293
f 57/294 54/290 322/291 323/295
f 59/296 56/292 57/293 60/297
f 60/298 57/294 323/295 324/299
f 62/300 59/296 60/297 63/301
f 63/302 60/298 324/299 325/303
f 65/304 62/300 63/301 66/305
f 66/306 63/302 325/303 326/307
f 221/308 302/309 304/310 222/311
f 222/312 304/313 327/314 328/315
f 71/316 67/317 69/318 72/319
f 72/320 69/321 329/322 330/323
f 28/251 71/316 72/319 30/252
f 30/255 72/320 330/323 313/256
f 410/324 75/325 77/326 411/327
f 411/328 77/329 331/330 412/331
f 73/332 32/250 33/253 74/333
f 74/334 33/254 314/257 332/335
f 75/325 80/336 82/337 77/326
f 77/329 82/338 333/339 331/330
f 78/340 73/341 74/342 79/343
f 79/344 74/334 332/335 334/345
f 238/346 83/347 85/348 239/349
f 239/350 85/351 335/352 336/353
f 89/354 78/340 79/343 90/355
f 90/356 79/344 334/345 337/357
f 80/336 86/358 88/359 82/337
f 82/338 88/360 338/361 333/339
f 118/362 89/354 90/355 119/363
f 119/364 90/356 337/357 339/365
f 482/366 493/367 262/221 263/220
f 298/368 254/369 261/370 300/371
f 236/372 102/373 104/374 237/375
f 237/376 104/377 342/378 343/379
f 271/380 105/381 107/382 272/383
f 272/384 107/385 344/386 345/387
f 241/388 274/389 352/149 346/148
f 1068/118 1176/117 1177/390 1069/391
f 116/392 108/393 109/394 117/395
f 117/396 109/397 347/398 348/399
f 121/400 110/401 112/402 122/403
f 122/404 112/405 349/406 350/407
f 110/401 113/408 115/409 112/402
f 112/405 115/410 351/411 349/406
f 273/412 116/392 117/395 274/413
f 274/389 117/396 348/399 352/149
f 108/393 118/362 119/363 109/394
f 109/397 119/364 339/365 347/398
f 86/358 121/400 122/403 88/359
f 88/360 122/404 350/407 338/361
f 123/414 179/415 356/197 419/196
f 136/416 139/417 414/56 415/55
f 132/418 173/419 172/420 131/421
f 127/422 132/418 131/421 126/423
f 175/424 133/425 416/66 14/207
f 435/426 130/427 128/428 436/429
f 134/430 138/431 136/432 133/433
f 133/425 136/416 415/55 416/66
f 146/434 149/435 148/436 145/437
f 143/438 146/434 145/437 142/439
f 151/440 154/441 6/77 5/74
f 149/435 152/442 151/443 148/436
f 155/444 159/445 157/446 154/447
f 154/441 157/448 7/78 6/77
f 160/449 163/450 10/195 9/194
f 16/451 161/452 160/453 15/454
f 164/455 167/456 166/457 163/458
f 163/450 166/459 11/191 10/195
f 172/460 175/424 14/207 13/64
f 167/456 171/461 169/462 166/457
f 1111/8 1219/7 1216/463 1108/464
f 1028/465 1136/466 1135/467 1027/468
f 1080/124 1188/123 1126/469 1018/470
f 1024/213 1132/212 1130/471 1022/472
f 159/445 16/451 15/454 157/446
f 1021/473 1129/474 1127/475 1019/476
f 1066/477 1174/478 1227/479 1119/480
f 484/481 257/202 256/205 485/482
f 131/483 172/460 13/64 418/63
f 126/484 131/483 418/63 420/60
f 180/485 127/422 126/423 181/486
f 181/487 126/484 420/60 355/59
f 1076/488 1184/489 1186/490 1078/491
f 1110/492 1218/493 1215/494 1107/495
f 1117/496 1116/497 1224/498 1225/499
f 1106/500 1214/501 1134/211 1026/210
f 1015/502 1123/503 1174/478 1066/477
f 1022/472 1130/471 1184/489 1076/488
f 1025/504 1133/505 1222/6 1114/5
f 1108/464 1216/463 1129/474 1021/473
f 355/59 357/506 199/507 181/487
f 181/486 199/508 198/509 180/485
f 358/510 359/511 194/512 266/513
f 266/514 194/515 193/516 264/517
f 360/518 361/519 197/520 188/521
f 188/522 197/523 196/524 187/525
f 362/526 363/527 202/528 191/529
f 191/530 202/531 201/532 189/533
f 359/511 362/526 191/529 194/512
f 194/515 191/530 189/533 193/516
f 364/534 365/535 186/536 269/537
f 269/538 186/539 185/540 267/541
f 357/506 360/518 188/521 199/507
f 199/508 188/522 187/525 198/509
f 363/527 356/197 179/415 202/528
f 202/531 179/542 177/543 201/532
f 292/209 293/97 253/544 207/545
f 488/546 234/547 381/548 492/549
f 258/37 297/40 300/371 261/370
f 1020/550 1128/551 1131/552 1023/553
f 246/554 208/555 210/556 247/557
f 247/558 210/559 370/560 371/561
f 289/562 211/563 213/564 290/565
f 290/566 213/567 372/568 373/569
f 248/570 185/540 186/539 249/571
f 249/572 186/536 365/535 374/573
f 224/574 214/575 216/576 225/577
f 225/578 216/579 375/580 376/581
f 279/582 217/583 219/584 280/585
f 280/586 219/587 377/588 378/589
f 217/583 221/308 222/311 219/584
f 219/587 222/312 328/315 377/588
f 308/590 224/574 225/577 309/591
f 309/592 225/578 376/581 379/593
f 302/309 226/594 228/595 304/310
f 304/313 228/596 380/597 327/314
f 211/563 243/598 244/599 213/564
f 213/567 244/600 369/601 372/568
f 354/602 21/603 25/201 387/200
f 354/602 341/138 20/604 21/603
f 83/347 236/372 237/375 85/348
f 85/351 237/376 343/379 335/352
f 105/381 238/346 239/349 107/382
f 107/385 239/350 336/353 344/386
f 232/605 97/606 99/607 234/608
f 234/547 99/609 382/610 381/548
f 203/611 246/554 247/557 205/612
f 205/613 247/558 371/561 366/614
f 251/615 229/616 231/617 252/618
f 252/619 231/620 383/621 384/622
f 208/623 248/570 249/571 210/624
f 210/559 249/572 374/573 370/560
f 182/625 251/615 252/618 183/626
f 183/627 252/619 384/622 385/628
f 1122/629 1117/496 1225/499 1230/630
f 475/631 481/632 1/633 101/634
f 306/139 301/39 255/38 263/220
f 1029/635 1137/636 1123/503 1015/502
f 491/637 259/83 257/86 484/638
f 1093/219 1201/218 1229/169 1121/168
f 472/639 480/640 18/641 24/642
f 340/137 312/174 18/641 19/643
f 385/628 358/510 266/513 183/627
f 183/626 266/514 264/517 182/625
f 361/519 364/534 269/537 197/520
f 197/523 269/538 267/541 196/524
f 113/408 271/380 272/383 115/409
f 115/410 272/384 345/387 351/411
f 192/644 240/645 241/646 394/647
f 394/648 241/388 346/148 395/649
f 214/575 275/650 277/651 216/576
f 216/579 277/652 389/653 375/580
f 97/606 284/654 286/655 99/607
f 99/609 286/656 390/657 382/610
f 46/279 282/274 283/275 48/280
f 48/283 283/276 319/277 320/284
f 497/658 203/611 205/612 505/659
f 505/660 205/613 366/614 506/661
f 490/662 489/663 255/38 258/37
f 292/209 207/545 256/205 294/204
f 388/199 298/368 300/371 387/200
f 291/96 299/175 262/221 206/664
f 284/654 91/665 93/666 286/655
f 286/656 93/667 392/668 390/657
f 1019/476 1127/475 1218/493 1110/492
f 1078/491 1186/490 1125/669 1017/670
f 490/662 258/37 261/370 492/549
f 305/230 260/671 254/672 298/231
f 91/665 279/582 280/585 93/666
f 93/667 280/586 378/589 392/668
f 483/673 232/605 234/608 488/674
f 291/96 206/664 253/544 293/97
f 275/650 94/675 96/676 277/651
f 277/652 96/677 393/678 389/653
f 229/616 308/590 309/591 231/617
f 231/620 309/592 379/593 383/621
f 67/317 65/304 66/305 69/318
f 69/321 66/306 326/307 329/322
f 142/679 145/680 3/70 2/68
f 140/681 143/438 142/439 139/682
f 94/683 289/562 290/565 96/684
f 96/677 290/566 373/569 393/678
f 1027/468 1135/467 1128/551 1020/550
f 29/685 31/686 314/257 313/256
f 35/687 37/688 316/265 315/264
f 37/688 40/689 317/269 316/265
f 40/689 43/690 318/273 317/269
f 43/690 281/691 319/277 318/273
f 47/692 49/693 321/285 320/284
f 49/693 52/694 322/291 321/285
f 52/694 55/695 323/295 322/291
f 55/695 58/696 324/299 323/295
f 58/696 61/697 325/303 324/299
f 61/697 64/698 326/307 325/303
f 303/699 220/700 328/315 327/314
f 68/701 70/702 330/323 329/322
f 70/702 29/685 313/256 330/323
f 413/703 35/687 315/264 412/331
f 31/686 76/704 332/335 314/257
f 81/705 76/704 331/330 333/339
f 76/704 81/705 334/345 332/335
f 84/706 265/707 336/353 335/352
f 81/705 87/708 337/357 334/345
f 87/708 81/705 333/339 338/361
f 87/708 120/709 339/365 337/357
f 297/40 354/602 387/200 300/371
f 103/710 235/711 343/379 342/378
f 106/147 270/146 345/387 344/386
f 111/712 114/713 348/399 347/398
f 111/712 120/709 350/407 349/406
f 114/713 111/712 349/406 351/411
f 114/713 270/146 352/149 348/399
f 120/709 111/712 347/398 339/365
f 120/709 87/708 338/361 350/407
f 138/431 140/681 139/682 136/432
f 128/714 123/414 419/196 417/243
f 436/715 128/714 417/243 437/82
f 287/716 134/430 133/433 175/717
f 145/680 148/718 4/72 3/70
f 148/718 151/440 5/74 4/72
f 152/442 155/719 154/720 151/443
f 15/721 160/449 9/194 8/155
f 161/452 164/455 163/458 160/453
f 166/459 169/722 12/81 11/191
f 1023/553 1131/552 1185/723 1077/724
f 1118/171 1226/170 1223/725 1115/726
f 157/448 15/721 8/155 7/78
f 101/634 353/208 367/228 100/727
f 130/427 125/728 123/729 128/428
f 125/728 177/543 179/542 123/729
f 1017/670 1125/669 1136/466 1028/465
f 1116/497 1109/730 1217/731 1224/498
f 1077/724 1185/723 1187/242 1079/241
f 1107/495 1215/494 1214/732 1106/733
f 178/58 200/734 357/506 355/59
f 268/735 195/736 359/511 358/510
f 190/737 195/736 361/519 360/518
f 190/737 200/734 363/527 362/526
f 195/736 190/737 362/526 359/511
f 268/735 184/738 365/535 364/534
f 200/734 190/737 360/518 357/506
f 200/734 178/58 356/197 363/527
f 19/643 20/604 341/138 340/137
f 24/642 311/95 310/98 1/633
f 209/739 245/740 371/561 370/560
f 212/741 288/742 373/569 372/568
f 184/738 250/743 374/573 365/535
f 215/744 223/745 376/581 375/580
f 218/746 278/747 378/589 377/588
f 220/700 218/746 377/588 328/315
f 223/745 307/748 379/593 376/581
f 227/749 303/699 327/314 380/597
f 242/750 212/741 372/568 369/601
f 1109/730 1016/119 1124/122 1217/731
f 235/711 84/706 335/352 343/379
f 265/707 106/147 344/386 336/353
f 98/751 233/752 381/548 382/610
f 245/740 204/753 366/614 371/561
f 230/754 250/743 384/622 383/621
f 250/743 209/739 370/560 374/573
f 250/743 184/738 385/628 384/622
f 295/203 368/755 367/228 294/204
f 306/139 299/175 312/174 340/137
f 23/756 391/229 388/232 26/757
f 101/634 1/633 310/98 353/208
f 184/738 268/735 358/510 385/628
f 195/736 268/735 364/534 361/519
f 270/146 114/713 351/411 345/387
f 265/707 227/749 380/597 395/649
f 276/758 215/744 375/580 389/653
f 285/759 98/751 382/610 390/657
f 281/691 47/692 320/284 319/277
f 486/760 103/710 342/378 485/482
f 296/84 386/761 368/762 295/85
f 498/763 242/750 369/601 496/764
f 92/765 285/759 390/657 392/668
f 173/419 287/716 175/717 172/420
f 297/40 301/39 341/138 354/602
f 278/747 92/765 392/668 378/589
f 24/642 18/641 312/174 311/95
f 95/766 276/758 389/653 393/678
f 307/748 230/754 383/621 379/593
f 64/698 68/701 329/322 326/307
f 139/417 142/679 2/68 414/56
f 288/742 95/766 393/678 373/569
f 240/645 273/412 274/413 241/646
f 106/147 265/707 395/649 346/148
f 228/596 394/648 395/649 380/597
f 226/594 192/644 394/647 228/595
f 1069/391 1177/390 1183/126 1075/125
f 398/767 399/768 409/769 408/770
f 281/691 404/771 405/772 47/692
f 68/701 64/698 401/773 400/774
f 397/775 406/776 407/777 396/778
f 31/686 29/685 398/767 397/775
f 399/768 398/767 29/685 70/702
f 47/692 405/772 52/694 49/693
f 43/690 403/779 404/771 281/691
f 40/689 409/769 403/779 43/690
f 31/686 397/775 396/778 76/704
f 37/688 35/687 406/776 408/770
f 64/698 61/697 402/780 401/773
f 76/704 413/703 412/331 331/330
f 55/695 402/780 61/697 58/696
f 405/772 404/771 401/773 402/780
f 408/770 406/776 397/775 398/767
f 404/771 403/779 400/774 401/773
f 413/703 407/777 406/776 35/687
f 403/779 409/769 399/768 400/774
f 408/770 409/769 40/689 37/688
f 396/778 407/777 413/703 76/704
f 36/263 411/328 412/331 315/264
f 34/259 410/324 411/327 36/260
f 1033/4 1141/3 1139/249 1031/248
f 399/768 70/702 68/701 400/774
f 52/694 405/772 402/780 55/695
f 423/781 424/782 434/783 433/784
f 17/154 429/785 430/786 158/75
f 137/54 141/53 426/787 425/788
f 422/789 431/790 432/791 421/792
f 174/61 176/206 423/781 422/789
f 424/782 423/781 176/206 135/65
f 158/75 430/786 153/73 156/76
f 162/193 428/793 429/785 17/154
f 165/192 434/783 428/793 162/193
f 174/61 422/789 421/792 129/62
f 168/190 170/80 431/790 433/784
f 141/53 144/67 427/794 426/787
f 129/62 438/79 437/82 417/243
f 150/71 427/794 144/67 147/69
f 430/786 429/785 426/787 427/794
f 433/784 431/790 422/789 423/781
f 429/785 428/793 425/788 426/787
f 438/79 432/791 431/790 170/80
f 428/793 434/783 424/782 425/788
f 433/784 434/783 165/192 168/190
f 421/792 432/791 438/79 129/62
f 169/722 436/715 437/82 12/81
f 171/461 435/426 436/429 169/462
f 1018/470 1126/469 1133/505 1025/504
f 424/782 135/65 137/54 425/788
f 153/73 430/786 427/794 150/71
f 265/707 84/706 446/795 227/749
f 227/749 446/795 468/796 303/699
f 303/699 468/796 457/797 220/700
f 220/700 457/797 444/798 218/746
f 218/746 444/798 442/799 278/747
f 278/747 442/799 285/759 92/765
f 285/759 442/799 441/800 98/751
f 98/751 441/800 453/801 233/752
f 498/763 499/802 450/803 242/750
f 242/750 450/803 447/804 212/741
f 212/741 447/804 440/805 288/742
f 288/742 440/805 276/758 95/766
f 276/758 440/805 439/806 215/744
f 215/744 439/806 462/807 223/745
f 223/745 462/807 463/808 307/748
f 307/748 463/808 449/809 230/754
f 230/754 449/809 209/739 250/743
f 209/739 449/809 452/810 245/740
f 245/740 452/810 455/811 204/753
f 486/760 487/812 456/813 103/710
f 103/710 456/813 445/814 235/711
f 235/711 445/814 446/795 84/706
f 445/814 456/813 466/815 467/816
f 467/816 466/815 459/817 458/818
f 458/818 459/817 454/819 443/820
f 443/820 454/819 453/801 441/800
f 443/820 441/800 442/799 444/798
f 443/820 444/798 457/797 458/818
f 500/821 501/822 460/823 451/824
f 451/824 460/823 461/825 448/826
f 448/826 461/825 462/807 439/806
f 448/826 439/806 440/805 447/804
f 448/826 447/804 450/803 451/824
f 461/825 460/823 465/827 464/828
f 464/828 465/827 455/811 452/810
f 464/828 452/810 449/809 463/808
f 464/828 463/808 462/807 461/825
f 494/829 493/367 459/817 466/815
f 494/829 466/815 456/813 487/812
f 482/366 489/663 453/801 454/819
f 458/818 457/797 468/796 467/816
f 467/816 468/796 446/795 445/814
f 471/830 23/756 26/757 469/831
f 472/639 24/642 1/633 481/632
f 479/832 478/833 20/604 19/643
f 475/631 101/634 100/727 474/834
f 368/755 27/835 100/727 367/228
f 386/761 22/836 27/837 368/762
f 1115/726 1223/725 1137/636 1029/635
f 469/838 26/198 25/201 470/839
f 495/840 469/838 470/839 496/764
f 1030/120 1120/222 1228/223 1138/121
f 507/841 475/631 474/834 506/661
f 500/821 499/802 478/833 479/832
f 504/842 472/639 481/632 502/843
f 503/844 471/830 469/831 495/845
f 19/643 18/641 480/640 479/832
f 21/603 20/604 478/833 477/846
f 21/603 477/846 470/839 25/201
f 27/835 473/847 474/834 100/727
f 22/836 476/848 473/849 27/837
f 504/842 501/822 480/640 472/639
f 507/841 502/843 481/632 475/631
f 1095/29 1122/629 1230/630 1203/30
f 263/220 255/38 489/663 482/366
f 206/664 494/829 487/812 253/544
f 206/664 262/221 493/367 494/829
f 207/545 253/544 487/812 486/760
f 207/545 486/760 485/482 256/205
f 260/671 483/673 488/674 254/672
f 233/752 490/662 492/549 381/548
f 233/752 453/801 489/663 490/662
f 102/373 491/637 484/638 104/374
f 254/369 488/546 492/549 261/370
f 104/377 484/481 485/482 342/378
f 454/819 459/817 493/367 482/366
f 1112/110 1220/109 1212/100 1104/99
f 1119/480 1227/479 1175/225 1067/224
f 1083/179 1191/178 1192/165 1084/164
f 204/753 455/811 502/843 507/841
f 465/827 460/823 501/822 504/842
f 243/598 503/844 495/845 244/599
f 465/827 504/842 502/843 455/811
f 451/824 450/803 499/802 500/821
f 204/753 507/841 506/661 366/614
f 244/600 495/840 496/764 369/601
f 479/832 480/640 501/822 500/821
f 477/846 478/833 499/802 498/763
f 477/846 498/763 496/764 470/839
f 473/847 505/660 506/661 474/834
f 476/848 497/658 505/659 473/849
f 765/850 804/851 808/852 762/853
f 648/854 921/855 922/856 644/857
f 631/858 927/859 862/860 685/861
f 681/862 520/863 925/864 636/865
f 644/857 922/856 923/866 642/867
f 651/868 509/869 921/855 648/854
f 654/870 510/871 509/869 651/868
f 657/872 511/873 510/871 654/870
f 660/874 512/875 511/873 657/872
f 665/876 514/877 513/878 663/879
f 945/880 944/881 519/882 677/883
f 766/884 764/885 802/886 803/887
f 818/888 817/889 800/890 798/891
f 847/892 813/893 808/852 848/894
f 777/895 859/896 853/897 613/898
f 524/899 515/900 514/877 665/876
f 818/888 798/891 806/901 819/902
f 677/883 519/882 518/903 675/904
f 672/905 517/906 516/907 669/908
f 685/861 863/909 926/910 631/858
f 533/911 532/912 894/913 895/914
f 663/879 513/878 512/875 660/874
f 764/915 763/916 801/917 802/918
f 642/867 923/866 521/919 683/920
f 860/921 799/922 800/890 817/889
f 669/908 516/907 515/900 524/899
f 770/923 813/893 806/901 769/924
f 860/921 874/925 801/917 799/922
f 898/926 895/927 805/928 812/929
f 683/920 521/919 520/863 681/862
f 675/904 518/903 517/906 672/905
f 636/865 925/864 927/859 631/858
f 631/858 926/910 924/930 636/865
f 539/931 540/932 537/933 535/934
f 540/935 821/936 820/937 537/938
f 545/939 546/940 543/941 541/942
f 546/943 823/944 822/945 543/946
f 548/947 549/948 546/940 545/939
f 549/949 824/950 823/944 546/943
f 551/951 552/952 549/948 548/947
f 552/953 825/954 824/950 549/949
f 789/955 790/956 552/952 551/951
f 790/957 826/958 825/954 552/953
f 557/959 558/960 555/961 553/962
f 558/963 828/964 827/965 555/966
f 560/967 561/968 558/969 557/970
f 561/971 829/972 828/964 558/963
f 563/973 564/974 561/968 560/967
f 564/975 830/976 829/972 561/971
f 566/977 567/978 564/974 563/973
f 567/979 831/980 830/976 564/975
f 569/981 570/982 567/978 566/977
f 570/983 832/984 831/980 567/979
f 572/985 573/986 570/982 569/981
f 573/987 833/988 832/984 570/983
f 728/989 729/990 811/991 809/992
f 729/993 835/994 834/995 811/996
f 578/997 579/998 576/999 574/1000
f 579/1001 837/1002 836/1003 576/1004
f 535/934 537/933 579/998 578/997
f 537/938 820/937 837/1002 579/1001
f 917/1005 918/1006 584/1007 582/1008
f 918/1009 919/1010 838/1011 584/1012
f 580/1013 581/1014 540/932 539/931
f 581/1015 839/1016 821/936 540/935
f 582/1008 584/1007 589/1017 587/1018
f 584/1012 838/1011 840/1019 589/1020
f 585/1021 586/1022 581/1023 580/1024
f 586/1025 841/1026 839/1016 581/1015
f 745/1027 746/1028 592/1029 590/1030
f 746/1031 843/1032 842/1033 592/1034
f 596/1035 597/1036 586/1022 585/1021
f 597/1037 844/1038 841/1026 586/1025
f 587/1018 589/1017 595/1039 593/1040
f 589/1020 840/1019 845/1041 595/1042
f 625/1043 626/1044 597/1036 596/1035
f 626/1045 846/1046 844/1038 597/1037
f 989/1047 770/923 769/924 1000/1048
f 805/1049 807/1050 768/1051 761/1052
f 743/1053 744/1054 611/1055 609/1056
f 744/1057 850/1058 849/1059 611/1060
f 778/1061 779/1062 614/1063 612/1064
f 779/1065 852/1066 851/1067 614/1068
f 748/1069 853/897 859/896 781/1070
f 623/1071 624/1072 616/1073 615/1074
f 624/1075 855/1076 854/1077 616/1078
f 628/1079 629/1080 619/1081 617/1082
f 629/1083 857/1084 856/1085 619/1086
f 617/1082 619/1081 622/1087 620/1088
f 619/1086 856/1085 858/1089 622/1090
f 780/1091 781/1092 624/1072 623/1071
f 781/1070 859/896 855/1076 624/1075
f 615/1074 616/1073 626/1044 625/1043
f 616/1078 854/1077 846/1046 626/1045
f 593/1040 595/1039 629/1080 628/1079
f 595/1042 845/1041 857/1084 629/1083
f 630/1093 926/910 863/909 686/1094
f 643/1095 922/856 921/855 646/1096
f 639/1097 638/1098 679/1099 680/1100
f 634/1101 633/1102 638/1098 639/1097
f 682/1103 521/919 923/866 640/1104
f 942/1105 943/1106 635/1107 637/1108
f 641/1109 640/1110 643/1111 645/1112
f 640/1104 923/866 922/856 643/1095
f 653/1113 652/1114 655/1115 656/1116
f 650/1117 649/1118 652/1114 653/1113
f 658/1119 512/875 513/878 661/1120
f 656/1116 655/1115 658/1121 659/1122
f 662/1123 661/1124 664/1125 666/1126
f 661/1120 513/878 514/877 664/1127
f 667/1128 516/907 517/906 670/1129
f 523/1130 522/1131 667/1132 668/1133
f 671/1134 670/1135 673/1136 674/1137
f 670/1129 517/906 518/903 673/1138
f 679/1139 520/863 521/919 682/1103
f 674/1137 673/1136 676/1140 678/1141
f 666/1126 664/1125 522/1131 523/1130
f 991/1142 992/1143 763/916 764/915
f 638/1144 925/864 520/863 679/1139
f 633/1145 927/859 925/864 638/1144
f 687/1146 688/1147 633/1102 634/1101
f 688/1148 862/860 927/859 633/1145
f 862/860 688/1148 706/1149 864/1150
f 688/1147 687/1146 705/1151 706/1152
f 865/1153 773/1154 701/1155 866/1156
f 773/1157 771/1158 700/1159 701/1160
f 867/1161 695/1162 704/1163 868/1164
f 695/1165 694/1166 703/1167 704/1168
f 869/1169 698/1170 709/1171 870/1172
f 698/1173 696/1174 708/1175 709/1176
f 866/1156 701/1155 698/1170 869/1169
f 701/1160 700/1159 696/1174 698/1173
f 871/1177 776/1178 693/1179 872/1180
f 776/1181 774/1182 692/1183 693/1184
f 864/1150 706/1149 695/1162 867/1161
f 706/1152 705/1151 694/1166 695/1165
f 870/1172 709/1171 686/1094 863/909
f 709/1176 708/1175 684/1185 686/1186
f 799/922 714/1187 760/1188 800/890
f 995/1189 999/1190 888/1191 741/1192
f 765/850 768/1051 807/1050 804/851
f 753/1193 754/1194 717/1195 715/1196
f 754/1197 878/1198 877/1199 717/1200
f 796/1201 797/1202 720/1203 718/1204
f 797/1205 880/1206 879/1207 720/1208
f 755/1209 756/1210 693/1184 692/1183
f 756/1211 881/1212 872/1180 693/1179
f 731/1213 732/1214 723/1215 721/1216
f 732/1217 883/1218 882/1219 723/1220
f 786/1221 787/1222 726/1223 724/1224
f 787/1225 885/1226 884/1227 726/1228
f 724/1224 726/1223 729/990 728/989
f 726/1228 884/1227 835/994 729/993
f 815/1229 816/1230 732/1214 731/1213
f 816/1231 886/1232 883/1218 732/1217
f 809/992 811/991 735/1233 733/1234
f 811/996 834/995 887/1235 735/1236
f 718/1204 720/1203 751/1237 750/1238
f 720/1208 879/1207 876/1239 751/1240
f 861/1241 894/913 532/912 528/1242
f 861/1241 528/1242 527/1243 848/894
f 590/1030 592/1029 744/1054 743/1053
f 592/1034 842/1033 850/1058 744/1057
f 612/1064 614/1063 746/1028 745/1027
f 614/1068 851/1067 843/1032 746/1031
f 739/1244 741/1245 606/1246 604/1247
f 741/1192 888/1191 889/1248 606/1249
f 710/1250 712/1251 754/1194 753/1193
f 712/1252 873/1253 878/1198 754/1197
f 758/1254 759/1255 738/1256 736/1257
f 759/1258 891/1259 890/1260 738/1261
f 715/1262 717/1263 756/1210 755/1209
f 717/1200 877/1199 881/1212 756/1211
f 689/1264 690/1265 759/1255 758/1254
f 690/1266 892/1267 891/1259 759/1258
f 982/1268 608/1269 508/1270 988/1271
f 813/893 770/923 762/853 808/852
f 998/1272 991/1273 764/885 766/884
f 979/1274 531/1275 525/1276 987/1277
f 847/892 526/1278 525/1276 819/902
f 892/1267 690/1266 773/1154 865/1153
f 690/1265 689/1264 771/1158 773/1157
f 868/1164 704/1163 776/1178 871/1177
f 704/1168 703/1167 774/1182 776/1181
f 620/1088 622/1087 779/1062 778/1061
f 622/1090 858/1089 852/1066 779/1065
f 699/1279 901/1280 748/1281 747/1282
f 901/1283 902/1284 853/897 748/1069
f 721/1216 723/1215 784/1285 782/1286
f 723/1220 882/1219 896/1287 784/1288
f 604/1247 606/1246 793/1289 791/1290
f 606/1249 889/1248 897/1291 793/1292
f 553/962 555/961 790/956 789/955
f 555/966 827/965 826/958 790/957
f 1004/1293 1012/1294 712/1251 710/1250
f 1012/1295 1013/1296 873/1253 712/1252
f 997/1297 765/850 762/853 996/1298
f 799/922 801/917 763/916 714/1187
f 895/914 894/913 807/1050 805/1049
f 798/891 713/1299 769/924 806/901
f 791/1290 793/1289 600/1300 598/1301
f 793/1292 897/1291 899/1302 600/1303
f 997/1297 999/1190 768/1051 765/850
f 812/929 805/928 761/1304 767/1305
f 598/1301 600/1300 787/1222 786/1221
f 600/1303 899/1302 885/1226 787/1225
f 990/1306 995/1307 741/1245 739/1244
f 798/891 800/890 760/1188 713/1299
f 782/1286 784/1285 603/1308 601/1309
f 784/1288 896/1287 900/1310 603/1311
f 736/1257 738/1256 816/1230 815/1229
f 738/1261 890/1260 886/1232 816/1231
f 574/1000 576/999 573/986 572/985
f 576/1004 836/1003 833/988 573/987
f 649/1312 509/869 510/871 652/1313
f 647/1314 646/1315 649/1118 650/1117
f 601/1316 603/1317 797/1202 796/1201
f 603/1311 900/1310 880/1206 797/1205
f 536/1318 820/937 821/936 538/1319
f 542/1320 822/945 823/944 544/1321
f 544/1321 823/944 824/950 547/1322
f 547/1322 824/950 825/954 550/1323
f 550/1323 825/954 826/958 788/1324
f 554/1325 827/965 828/964 556/1326
f 556/1326 828/964 829/972 559/1327
f 559/1327 829/972 830/976 562/1328
f 562/1328 830/976 831/980 565/1329
f 565/1329 831/980 832/984 568/1330
f 568/1330 832/984 833/988 571/1331
f 810/1332 834/995 835/994 727/1333
f 575/1334 836/1003 837/1002 577/1335
f 577/1335 837/1002 820/937 536/1318
f 920/1336 919/1010 822/945 542/1320
f 538/1319 821/936 839/1016 583/1337
f 588/1338 840/1019 838/1011 583/1337
f 583/1337 839/1016 841/1026 588/1338
f 591/1339 842/1033 843/1032 772/1340
f 588/1338 841/1026 844/1038 594/1341
f 594/1341 845/1041 840/1019 588/1338
f 594/1341 844/1038 846/1046 627/1342
f 804/851 807/1050 894/913 861/1241
f 610/1343 849/1059 850/1058 742/1344
f 613/898 851/1067 852/1066 777/895
f 618/1345 854/1077 855/1076 621/1346
f 618/1345 856/1085 857/1084 627/1342
f 621/1346 858/1089 856/1085 618/1345
f 621/1346 855/1076 859/896 777/895
f 627/1342 846/1046 854/1077 618/1345
f 627/1342 857/1084 845/1041 594/1341
f 645/1112 643/1111 646/1315 647/1314
f 635/1347 924/930 926/910 630/1093
f 943/1348 944/881 924/930 635/1347
f 794/1349 682/1350 640/1110 641/1109
f 652/1313 510/871 511/873 655/1351
f 655/1351 511/873 512/875 658/1119
f 659/1122 658/1121 661/1352 662/1353
f 522/1354 515/900 516/907 667/1128
f 668/1133 667/1132 670/1135 671/1134
f 673/1138 518/903 519/882 676/1355
f 664/1127 514/877 515/900 522/1354
f 608/1269 607/1356 874/925 860/921
f 637/1108 635/1107 630/1357 632/1358
f 632/1358 630/1357 686/1186 684/1185
f 685/861 862/860 864/1150 707/1359
f 775/1360 865/1153 866/1156 702/1361
f 697/1362 867/1161 868/1164 702/1361
f 697/1362 869/1169 870/1172 707/1359
f 702/1361 866/1156 869/1169 697/1362
f 775/1360 871/1177 872/1180 691/1363
f 707/1359 864/1150 867/1161 697/1362
f 707/1359 870/1172 863/909 685/861
f 526/1278 847/892 848/894 527/1243
f 531/1275 508/1270 817/889 818/888
f 716/1364 877/1199 878/1198 752/1365
f 719/1366 879/1207 880/1206 795/1367
f 691/1363 872/1180 881/1212 757/1368
f 722/1369 882/1219 883/1218 730/1370
f 725/1371 884/1227 885/1226 785/1372
f 727/1333 835/994 884/1227 725/1371
f 730/1370 883/1218 886/1232 814/1373
f 734/1374 887/1235 834/995 810/1332
f 749/1375 876/1239 879/1207 719/1366
f 742/1344 850/1058 842/1033 591/1339
f 772/1340 843/1032 851/1067 613/898
f 605/1376 889/1248 888/1191 740/1377
f 752/1365 878/1198 873/1253 711/1378
f 737/1379 890/1260 891/1259 757/1368
f 757/1368 881/1212 877/1199 716/1364
f 757/1368 891/1259 892/1267 691/1363
f 802/918 801/917 874/925 875/1380
f 813/893 847/892 819/902 806/901
f 530/1381 533/1382 895/927 898/926
f 608/1269 860/921 817/889 508/1270
f 691/1363 892/1267 865/1153 775/1360
f 702/1361 868/1164 871/1177 775/1360
f 777/895 852/1066 858/1089 621/1346
f 772/1340 902/1284 887/1235 734/1374
f 783/1383 896/1287 882/1219 722/1369
f 792/1384 897/1291 889/1248 605/1376
f 788/1324 826/958 827/965 554/1325
f 993/1385 992/1143 849/1059 610/1343
f 803/887 802/886 875/1386 893/1387
f 1005/1388 1003/1389 876/1239 749/1375
f 599/1390 899/1302 897/1291 792/1384
f 680/1100 679/1099 682/1350 794/1349
f 804/851 861/1241 848/894 808/852
f 785/1372 885/1226 899/1302 599/1390
f 531/1275 818/888 819/902 525/1276
f 602/1391 900/1310 896/1287 783/1383
f 814/1373 886/1232 890/1260 737/1379
f 571/1331 833/988 836/1003 575/1334
f 646/1096 921/855 509/869 649/1312
f 795/1367 880/1206 900/1310 602/1391
f 747/1282 748/1281 781/1092 780/1091
f 613/898 853/897 902/1284 772/1340
f 735/1236 887/1235 902/1284 901/1283
f 733/1234 735/1233 901/1280 699/1279
f 905/1392 915/1393 916/1394 906/1395
f 788/1324 554/1325 912/1396 911/1397
f 575/1334 907/1398 908/1399 571/1331
f 904/1400 903/1401 914/1402 913/1403
f 538/1319 904/1400 905/1392 536/1318
f 906/1395 577/1335 536/1318 905/1392
f 554/1325 556/1326 559/1327 912/1396
f 550/1323 788/1324 911/1397 910/1404
f 547/1322 550/1323 910/1404 916/1394
f 538/1319 583/1337 903/1401 904/1400
f 544/1321 915/1393 913/1403 542/1320
f 571/1331 908/1399 909/1405 568/1330
f 583/1337 838/1011 919/1010 920/1336
f 562/1328 565/1329 568/1330 909/1405
f 912/1396 909/1405 908/1399 911/1397
f 915/1393 905/1392 904/1400 913/1403
f 911/1397 908/1399 907/1398 910/1404
f 920/1336 542/1320 913/1403 914/1402
f 910/1404 907/1398 906/1395 916/1394
f 915/1393 544/1321 547/1322 916/1394
f 903/1401 583/1337 920/1336 914/1402
f 543/946 822/945 919/1010 918/1009
f 541/942 543/941 918/1006 917/1005
f 906/1395 907/1398 575/1334 577/1335
f 559/1327 562/1328 909/1405 912/1396
f 930/1406 940/1407 941/1408 931/1409
f 524/899 665/876 937/1410 936/1411
f 644/857 932/1412 933/1413 648/854
f 929/1414 928/1415 939/1416 938/1417
f 681/862 929/1414 930/1406 683/920
f 931/1409 642/867 683/920 930/1406
f 665/876 663/879 660/874 937/1410
f 669/908 524/899 936/1411 935/1418
f 672/905 669/908 935/1418 941/1408
f 681/862 636/865 928/1415 929/1414
f 675/904 940/1407 938/1417 677/883
f 648/854 933/1413 934/1419 651/868
f 636/865 924/930 944/881 945/880
f 657/872 654/870 651/868 934/1419
f 937/1410 934/1419 933/1413 936/1411
f 940/1407 930/1406 929/1414 938/1417
f 936/1411 933/1413 932/1412 935/1418
f 945/880 677/883 938/1417 939/1416
f 935/1418 932/1412 931/1409 941/1408
f 940/1407 675/904 672/905 941/1408
f 928/1415 636/865 945/880 939/1416
f 676/1355 519/882 944/881 943/1348
f 678/1141 676/1140 943/1106 942/1105
f 931/1409 932/1412 644/857 642/867
f 660/874 657/872 934/1419 937/1410
f 772/1340 734/1374 953/1420 591/1339
f 734/1374 810/1332 975/1421 953/1420
f 810/1332 727/1333 964/1422 975/1421
f 727/1333 725/1371 951/1423 964/1422
f 725/1371 785/1372 949/1424 951/1423
f 785/1372 599/1390 792/1384 949/1424
f 792/1384 605/1376 948/1425 949/1424
f 605/1376 740/1377 960/1426 948/1425
f 1005/1388 749/1375 957/1427 1006/1428
f 749/1375 719/1366 954/1429 957/1427
f 719/1366 795/1367 947/1430 954/1429
f 795/1367 602/1391 783/1383 947/1430
f 783/1383 722/1369 946/1431 947/1430
f 722/1369 730/1370 969/1432 946/1431
f 730/1370 814/1373 970/1433 969/1432
f 814/1373 737/1379 956/1434 970/1433
f 737/1379 757/1368 716/1364 956/1434
f 716/1364 752/1365 959/1435 956/1434
f 752/1365 711/1378 962/1436 959/1435
f 993/1385 610/1343 963/1437 994/1438
f 610/1343 742/1344 952/1439 963/1437
f 742/1344 591/1339 953/1420 952/1439
f 952/1439 974/1440 973/1441 963/1437
f 974/1440 965/1442 966/1443 973/1441
f 965/1442 950/1444 961/1445 966/1443
f 950/1444 948/1425 960/1426 961/1445
f 950/1444 951/1423 949/1424 948/1425
f 950/1444 965/1442 964/1422 951/1423
f 1007/1446 958/1447 967/1448 1008/1449
f 958/1447 955/1450 968/1451 967/1448
f 955/1450 946/1431 969/1432 968/1451
f 955/1450 954/1429 947/1430 946/1431
f 955/1450 958/1447 957/1427 954/1429
f 968/1451 971/1452 972/1453 967/1448
f 971/1452 959/1435 962/1436 972/1453
f 971/1452 970/1433 956/1434 959/1435
f 971/1452 968/1451 969/1432 970/1433
f 1001/1454 973/1441 966/1443 1000/1048
f 1001/1454 994/1438 963/1437 973/1441
f 989/1047 961/1445 960/1426 996/1298
f 965/1442 974/1440 975/1421 964/1422
f 974/1440 952/1439 953/1420 975/1421
f 978/1455 976/1456 533/1382 530/1381
f 979/1274 988/1271 508/1270 531/1275
f 986/1457 526/1278 527/1243 985/1458
f 982/1268 981/1459 607/1356 608/1269
f 875/1380 874/925 607/1356 534/1460
f 893/1387 875/1386 534/1461 529/1462
f 976/1463 977/1464 532/912 533/911
f 1002/1465 1003/1389 977/1464 976/1463
f 1014/1466 1013/1296 981/1459 982/1268
f 1007/1446 986/1457 985/1458 1006/1428
f 1011/1467 1009/1468 988/1271 979/1274
f 1010/1469 1002/1470 976/1456 978/1455
f 526/1278 986/1457 987/1277 525/1276
f 528/1242 984/1471 985/1458 527/1243
f 528/1242 532/912 977/1464 984/1471
f 534/1460 607/1356 981/1459 980/1472
f 529/1462 534/1461 980/1473 983/1474
f 1011/1467 979/1274 987/1277 1008/1449
f 1014/1466 982/1268 988/1271 1009/1468
f 770/923 989/1047 996/1298 762/853
f 713/1299 760/1188 994/1438 1001/1454
f 713/1299 1001/1454 1000/1048 769/924
f 714/1187 993/1385 994/1438 760/1188
f 714/1187 763/916 992/1143 993/1385
f 767/1305 761/1304 995/1307 990/1306
f 740/1377 888/1191 999/1190 997/1297
f 740/1377 997/1297 996/1298 960/1426
f 609/1056 611/1055 991/1273 998/1272
f 761/1052 768/1051 999/1190 995/1189
f 611/1060 849/1059 992/1143 991/1142
f 961/1445 989/1047 1000/1048 966/1443
f 711/1378 1014/1466 1009/1468 962/1436
f 972/1453 1011/1467 1008/1449 967/1448
f 750/1238 751/1237 1002/1470 1010/1469
f 972/1453 962/1436 1009/1468 1011/1467
f 958/1447 1007/1446 1006/1428 957/1427
f 711/1378 873/1253 1013/1296 1014/1466
f 751/1240 876/1239 1003/1389 1002/1465
f 986/1457 1007/1446 1008/1449 987/1277
f 984/1471 1005/1388 1006/1428 985/1458
f 984/1471 977/1464 1003/1389 1005/1388
f 980/1472 981/1459 1013/1296 1012/1295
f 983/1474 980/1473 1012/1294 1004/1293
f 750/1238 1010/1469 1122/629 1095/29
f 710/1250 1093/219 1121/168 1004/1293
f 767/1305 990/1306 1120/222 1030/120
f 766/884 1066/477 1119/480 998/1272
f 1004/1293 1121/168 1118/171 983/1474
f 1010/1469 978/1455 1117/496 1122/629
f 978/1455 530/1381 1116/497 1117/496
f 637/1108 1025/504 1114/5 942/1105
f 582/1008 1037/140 1113/143 917/1005
f 747/1282 1070/107 1112/110 699/1279
f 529/1462 1115/726 1029/635 893/1387
f 671/1134 1021/473 1019/476 668/1133
f 942/1105 1114/5 1111/8 678/1141
f 680/1100 1020/550 1023/553 639/1097
f 650/1117 1076/488 1078/491 647/1314
f 684/1185 1080/124 1018/470 632/1358
f 632/1358 1018/470 1025/504 637/1108
f 535/934 1031/248 1032/244 539/931
f 674/1137 1108/464 1021/473 671/1134
f 678/1141 1111/8 1108/464 674/1137
f 812/929 767/1305 1030/120 1016/119
f 898/926 812/929 1016/119 1109/730
f 983/1474 1118/171 1115/726 529/1462
f 893/1387 1029/635 1015/502 803/887
f 668/1133 1019/476 1110/492 523/1130
f 641/1109 1028/465 1027/468 794/1349
f 656/1116 1024/213 1022/472 653/1113
f 659/1122 1026/210 1024/213 656/1116
f 666/1126 1107/495 1106/733 662/1123
f 523/1130 1110/492 1107/495 666/1126
f 647/1314 1078/491 1017/670 645/1112
f 653/1113 1022/472 1076/488 650/1117
f 803/887 1015/502 1066/477 766/884
f 794/1349 1027/468 1020/550 680/1100
f 662/1353 1106/500 1026/210 659/1122
f 634/1101 1077/724 1079/241 687/1146
f 645/1112 1017/670 1028/465 641/1109
f 639/1097 1023/553 1077/724 634/1101
f 747/1282 780/1091 1071/153 1070/107
f 545/939 1036/9 1038/12 548/947
f 541/942 1035/145 1036/9 545/939
f 587/1018 1050/52 1037/140 582/1008
f 593/1040 1052/49 1050/52 587/1018
f 778/1061 1069/391 1075/125 620/1088
f 617/1082 1074/45 1056/48 628/1079
f 771/1158 1085/167 1092/173 700/1159
f 696/1174 1091/91 1081/94 708/1175
f 774/1182 1088/184 1086/187 692/1183
f 809/992 1102/102 1101/113 728/989
f 721/1216 1098/130 1099/111 731/1213
f 609/1056 1067/224 1055/41 743/1053
f 628/1079 1056/48 1052/49 593/1040
f 718/1204 1097/32 1061/189 796/1201
f 612/1064 1068/118 1069/391 778/1061
f 715/1196 1096/226 1094/216 753/1193
f 615/1074 1072/236 1073/150 623/1071
f 736/1257 1105/28 1083/179 758/1254
f 724/1224 1100/103 1058/106 786/1221
f 557/970 1042/15 1043/18 560/967
f 530/1381 898/926 1109/730 1116/497
f 574/1000 1048/1 1033/4 578/997
f 692/1183 1086/187 1087/180 755/1209
f 705/1151 1082/87 1089/90 694/1166
f 758/1254 1083/179 1084/164 689/1264
f 755/1209 1087/180 1096/183 715/1262
f 753/1193 1094/216 1093/219 710/1250
f 694/1166 1089/90 1090/240 703/1167
f 998/1272 1119/480 1067/224 609/1056
f 703/1167 1090/240 1088/184 774/1182
f 796/1201 1061/189 1062/1475 601/1316
f 601/1309 1062/158 1063/127 782/1286
f 786/1221 1058/106 1059/160 598/1301
f 815/1229 1103/25 1105/28 736/1257
f 598/1301 1059/160 1060/131 791/1290
f 625/1043 1057/233 1072/236 615/1074
f 585/1021 1049/36 1051/237 596/1035
f 699/1279 1112/110 1104/99 733/1234
f 580/1024 1034/33 1049/36 585/1021
f 539/931 1032/244 1034/247 580/1013
f 553/962 1041/157 1042/215 557/959
f 789/955 1040/136 1041/157 553/962
f 791/1290 1060/131 1064/134 604/1247
f 623/1071 1073/150 1071/153 780/1091
f 990/1306 739/1244 1065/177 1120/222
f 689/1264 1084/164 1085/167 771/1158
f 604/1247 1064/134 1065/177 739/1244
f 731/1213 1099/111 1103/25 815/1229
f 733/1234 1104/99 1102/102 809/992
f 782/1286 1063/127 1098/130 721/1216
f 728/989 1101/113 1100/103 724/1224
f 750/1238 1095/29 1097/32 718/1204
f 687/1146 1079/241 1082/87 705/1151
f 700/1159 1092/173 1091/91 696/1174
f 708/1175 1081/94 1080/124 684/1185
f 596/1035 1051/237 1057/233 625/1043
f 620/1088 1075/125 1074/45 617/1082
f 745/1027 1054/115 1068/118 612/1064
f 590/1030 1053/44 1054/115 745/1027
f 743/1053 1055/41 1053/44 590/1030
f 572/985 1047/162 1048/1 574/1000
f 569/981 1046/24 1047/162 572/985
f 566/977 1045/22 1046/24 569/981
f 563/973 1044/20 1045/22 566/977
f 560/967 1043/18 1044/20 563/973
f 551/951 1039/14 1040/136 789/955
f 548/947 1038/12 1039/14 551/951
f 917/1005 1113/143 1035/145 541/942
f 578/997 1033/4 1031/248 535/934
f 243/598 1203/30 1230/630 503/844
f 203/611 497/658 1229/169 1201/218
f 260/671 1138/121 1228/223 483/673
f 259/83 491/637 1227/479 1174/478
f 497/658 476/848 1226/170 1229/169
f 503/844 1230/630 1225/499 471/830
f 471/830 1225/499 1224/498 23/756
f 130/427 435/426 1222/6 1133/505
f 75/325 410/324 1221/142 1145/141
f 240/645 192/644 1220/109 1178/108
f 22/836 386/761 1137/636 1223/725
f 164/455 161/452 1127/475 1129/474
f 435/426 171/461 1219/7 1222/6
f 173/419 132/418 1131/552 1128/551
f 143/438 140/681 1186/490 1184/489
f 177/543 125/728 1126/469 1188/123
f 125/728 130/427 1133/505 1126/469
f 28/251 32/250 1140/245 1139/249
f 167/456 164/455 1129/474 1216/463
f 171/461 167/456 1216/463 1219/7
f 305/230 1124/122 1138/121 260/671
f 391/229 1217/731 1124/122 305/230
f 476/848 22/836 1223/725 1226/170
f 386/761 296/84 1123/503 1137/636
f 161/452 16/451 1218/493 1127/475
f 134/430 287/716 1135/467 1136/466
f 149/435 146/434 1130/471 1132/212
f 152/442 149/435 1132/212 1134/211
f 159/445 155/444 1214/732 1215/494
f 16/451 159/445 1215/494 1218/493
f 140/681 138/431 1125/669 1186/490
f 146/434 143/438 1184/489 1130/471
f 296/84 259/83 1174/478 1123/503
f 287/716 173/419 1128/551 1135/467
f 155/719 152/442 1134/211 1214/501
f 127/422 180/485 1187/242 1185/723
f 138/431 134/430 1136/466 1125/669
f 132/418 127/422 1185/723 1131/552
f 240/645 1178/108 1179/152 273/412
f 38/258 41/266 1146/11 1144/10
f 34/259 38/258 1144/10 1143/144
f 80/336 75/325 1145/141 1158/51
f 86/358 80/336 1158/51 1160/50
f 271/380 113/408 1183/126 1177/390
f 110/401 121/400 1164/47 1182/46
f 264/517 193/516 1200/172 1193/166
f 189/533 201/532 1189/93 1199/92
f 267/541 185/540 1194/186 1196/185
f 302/309 221/308 1209/114 1210/101
f 214/575 224/574 1207/112 1206/129
f 102/373 236/372 1163/42 1175/225
f 121/400 86/358 1160/50 1164/47
f 211/563 289/562 1169/188 1205/31
f 105/381 271/380 1177/390 1176/117
f 208/555 246/554 1202/217 1204/227
f 108/393 116/392 1181/151 1180/235
f 229/616 251/615 1191/178 1213/27
f 217/583 279/582 1166/105 1208/104
f 50/287 53/286 1151/17 1150/16
f 23/756 1224/498 1217/731 391/229
f 67/317 71/316 1141/3 1156/2
f 185/540 248/570 1195/181 1194/186
f 198/509 187/525 1197/89 1190/88
f 251/615 182/625 1192/165 1191/178
f 248/570 208/623 1204/182 1195/181
f 246/554 203/611 1201/218 1202/217
f 187/525 196/524 1198/239 1197/89
f 491/637 102/373 1175/225 1227/479
f 196/524 267/541 1196/185 1198/239
f 289/562 94/683 1170/1476 1169/188
f 94/675 275/650 1171/128 1170/159
f 279/582 91/665 1167/161 1166/105
f 308/590 229/616 1213/27 1211/26
f 91/665 284/654 1168/132 1167/161
f 118/362 108/393 1180/235 1165/234
f 78/340 89/354 1159/238 1157/35
f 192/644 226/594 1212/100 1220/109
f 73/341 78/340 1157/35 1142/34
f 32/250 73/332 1142/246 1140/245
f 46/279 50/278 1150/214 1149/156
f 282/274 46/279 1149/156 1148/135
f 284/654 97/606 1172/133 1168/132
f 116/392 273/412 1179/152 1181/151
f 483/673 1228/223 1173/176 232/605
f 182/625 264/517 1193/166 1192/165
f 97/606 232/605 1173/176 1172/133
f 224/574 308/590 1211/26 1207/112
f 226/594 302/309 1210/101 1212/100
f 275/650 214/575 1206/129 1171/128
f 221/308 217/583 1208/104 1209/114
f 243/598 211/563 1205/31 1203/30
f 180/485 198/509 1190/88 1187/242
f 193/516 189/533 1199/92 1200/172
f 201/532 177/543 1188/123 1189/93
f 89/354 118/362 1165/234 1159/238
f 113/408 110/401 1182/46 1183/126
f 238/346 105/381 1176/117 1162/116
f 83/347 238/346 1162/116 1161/43
f 236/372 83/347 1161/43 1163/42
f 65/304 67/317 1156/2 1155/163
f 62/300 65/304 1155/163 1154/23
f 59/296 62/300 1154/23 1153/21
f 56/292 59/296 1153/21 1152/19
f 53/286 56/292 1152/19 1151/17
f 44/270 282/274 1148/135 1147/13
f 41/266 44/270 1147/13 1146/11
f 410/324 34/259 1143/144 1221/142
f 71/316 28/251 1139/249 1141/3
f 1061/189 1169/188 1170/1476 1062/1475
